distance_mm,absorbance,fraction_number,fraction_volume_ml
6.03,0.8335228950183189,NA,NA
6.06,0.8131373507504223,NA,NA
6.09,0.7971415711195109,NA,NA
6.12,0.7814216642386639,NA,NA
6.15,0.7634802557388792,NA,NA
6.18,0.7508239883455864,NA,NA
6.21,0.7336521196222965,NA,NA
6.24,0.7194519328032061,NA,NA
6.27,0.7056437756815753,NA,NA
6.3,0.6899529080375769,NA,NA
6.33,0.6769191305652489,NA,NA
6.36,0.6622059172284954,NA,NA
6.39,0.6520809033138609,NA,NA
6.42,0.6403006528988419,NA,NA
6.45,0.6270829602598045,NA,NA
6.48,0.6159367331826521,NA,NA
6.51,0.6029658740568298,NA,NA
6.54,0.5920326013832357,NA,NA
6.57,0.5812735641307347,NA,NA
6.6,0.5706887622993269,NA,NA
6.63,0.5604621110557214,NA,NA
6.66,0.5490545308469293,NA,NA
6.69,0.5395925795070106,NA,NA
6.72,0.5301741870223651,NA,NA
6.75,0.5192263947303466,NA,NA
6.78,0.5115455165838242,NA,NA
6.81,0.5010817115726199,NA,NA
6.84,0.49252481644782387,NA,NA
6.87,0.48421959470905107,NA,NA
6.9,0.4746221269305043,NA,NA
6.93,0.4664475817575515,NA,NA
6.96,0.4569856304176327,NA,NA
6.99,0.45029208632397144,NA,NA
7.02,0.4423934139010828,NA,NA
7.05,0.43345900869725146,NA,NA
7.08,0.42616532037538063,NA,NA
7.08,0.4249505123005368,NA,NA
7.11,0.41776814105325316,NA,NA
7.14,0.41054705082350446,NA,NA
7.17,0.4034517972867674,NA,NA
7.2,0.39662757662728637,NA,NA
7.23,0.39003566986259613,NA,NA
7.26,0.38232091260641676,NA,NA
7.29,0.3757580450785754,NA,NA
7.32,0.36940329208148415,NA,NA
7.35,0.3621096037596133,NA,NA
7.38,0.3559387659292315,NA,NA
7.41,0.35043583054637323,NA,NA
7.44,0.34393588136503783,NA,NA
7.47,0.3378376416267781,NA,NA
7.5,0.33089242414709347,NA,NA
7.53,0.32516685461506084,NA,NA
7.56,0.31872498390742304,NA,NA
7.59,0.31331400610791954,NA,NA
7.62,0.3088952022340854,NA,NA
7.65,0.3026904852940465,NA,NA
7.68,0.2974392232972118,NA,NA
7.71,0.29159749681778374,NA,NA
7.74,0.2866947056631352,NA,NA
7.77,0.28187419234622524,NA,NA
7.8,0.27707787839335596,NA,NA
7.83,0.2723493226598006,NA,NA
7.86,0.2670351423164599,NA,NA
7.89,0.26258245933296886,NA,NA
7.92,0.25824109342406487,NA,NA
7.95,0.25325118455886986,NA,NA
7.98,0.2489824167420881,NA,NA
8.01,0.2447330084165388,NA,NA
8.04,0.24048360009098965,NA,NA
8.07,0.23635034871283592,NA,NA
8.1,0.2318105480187982,NA,NA
8.13,0.2282145225223481,NA,NA
8.16,0.22415870910912472,NA,NA
8.19,0.220606242467948,NA,NA
8.22,0.21765875992778916,NA,NA
8.25,0.21362230600579823,NA,NA
8.28,0.21027311402256355,NA,NA
8.31,0.20644961450413082,NA,NA
8.34,0.2032601383235649,NA,NA
8.37,0.20010454125265598,NA,NA
8.4,0.19638751893600237,NA,NA
8.43,0.1933093598300237,NA,NA
8.46,0.1908991031715687,NA,NA
8.49,0.18764670864449684,NA,NA
8.52,0.1849267001263208,NA,NA
8.55,0.18171786445452226,NA,NA
8.58,0.17904625466442742,NA,NA
8.61,0.1764230436024142,NA,NA
8.64,0.1733545642420518,NA,NA
8.67,0.17127825880735856,NA,NA
8.7,0.16857760978041497,NA,NA
8.73,0.16634642841586128,NA,NA
8.76,0.16408136794165057,NA,NA
8.79,0.16124036260327085,NA,NA
8.82,0.15879138696235065,NA,NA
8.85,0.15643436890478526,NA,NA
8.88,0.1542080274130396,NA,NA
8.91,0.15208332325026502,NA,NA
8.94,0.1498182627760543,NA,NA
8.97,0.14799363072738458,NA,NA
9,0.14581084809091224,NA,NA
9.03,0.14383134011238197,NA,NA
9.06,0.14221966246727047,NA,NA
9.09,0.14013367728696094,NA,NA
9.12,0.13843488193130293,NA,NA
9.15,0.13649893280804584,NA,NA
9.18,0.13480497732519597,NA,NA
9.21,0.1330384237502239,NA,NA
9.24,0.13102987653484474,NA,NA
9.27,0.12963115329329147,NA,NA
9.3,0.12775812251654028,NA,NA
9.33,0.12634487965656271,NA,NA
9.36,0.12507683298082928,NA,NA
9.39,0.12351355406379928,NA,NA
9.42,0.12207611183978097,NA,NA
9.45,0.12050315317713453,NA,NA
9.48,0.11944322103215131,NA,NA
9.51,0.11826229206696454,NA,NA
9.54,0.11697488589999866,NA,NA
9.57,0.11590043413659101,NA,NA
9.6,0.11464690707928203,NA,NA
9.63,0.11358213506149066,NA,NA
9.66,0.1125367225349319,NA,NA
9.69,0.11147195051714053,NA,NA
9.72,0.11040233862654089,NA,NA
9.75,0.10916817106046463,NA,NA
9.78,0.10825343509972557,NA,NA
9.81,0.10749357506884723,NA,NA
9.84,0.10657883910810831,NA,NA
9.87,0.10585285818688686,NA,NA
9.9,0.10480744566032808,NA,NA
9.93,0.10407178499349048,NA,NA
9.96,0.10337968318192607,NA,NA
9.99,0.10244074785714641,NA,NA
10.02,0.1017292865543494,NA,NA
10.05,0.10097910626908735,NA,NA
10.08,0.10047091962423228,NA,NA
10.11,0.09988529501444711,NA,NA
10.14,0.09925127167658046,NA,NA
10.17,0.09870436604926033,NA,NA
10.2,0.09795902563680631,NA,NA
10.23,0.0972475643340093,NA,NA
10.26,0.09659418150491007,NA,NA
10.29,0.09596499803985158,NA,NA
10.32,0.09543261203095589,NA,NA
10.35,0.09495830449575784,NA,NA
10.38,0.09458079441672275,NA,NA
10.41,0.09415488560960618,NA,NA
10.44,0.09359346036386175,NA,NA
10.47,0.09309979333743111,NA,NA
10.5,0.09270776363997157,NA,NA
10.53,0.09237865228901794,NA,NA
10.56,0.09201082195559901,NA,NA
10.59,0.09145907645547087,NA,NA
10.62,0.0909605695562321,NA,NA
10.65,0.0904669025298016,NA,NA
10.68,0.0900603532139176,NA,NA
10.71,0.0897022026261151,NA,NA
10.74,0.08927629381899853,NA,NA
10.77,0.08881166602941677,NA,NA
10.8,0.08831315913017812,NA,NA
10.83,0.08785821108621267,NA,NA
10.86,0.0875049003712183,NA,NA
10.89,0.08708383143690988,NA,NA
10.92,0.0865514454280142,NA,NA
10.95,0.08605293852877555,NA,NA
10.98,0.08555443162953677,NA,NA
11.01,0.08498816651098419,NA,NA
11.04,0.08428154508099533,NA,NA
11.07,0.08347812619484367,NA,NA
11.1,0.08285378260259332,NA,NA
11.13,0.08217620040945335,NA,NA
11.16,0.08163413465494138,NA,NA
11.19,0.08119370622940035,NA,NA
11.22,0.08057420250995816,NA,NA
11.25,0.08004665637387048,NA,NA
11.28,0.07947555138250977,NA,NA
11.31,0.07892380588238149,NA,NA
11.34,0.0784107793647184,NA,NA
11.37,0.07773319717157842,NA,NA
11.4,0.07715725230740941,NA,NA
11.43,0.07632963405721702,NA,NA
11.46,0.07570045059215852,NA,NA
11.49,0.0751341854736058,2,0.821
11.52,0.0745050020085473,NA,NA
11.55,0.07394841663561089,NA,NA
11.58,0.0734353901179478,NA,NA
11.61,0.07288848449062768,NA,NA
11.64,0.07237061810015644,NA,NA
11.67,0.07171723527105707,NA,NA
11.7,0.07120904862620213,NA,NA
11.73,0.07057018541552733,NA,NA
11.76,0.07006683864348054,NA,NA
11.79,0.06963608996355582,NA,NA
11.82,0.06901658624411361,NA,NA
11.85,0.06865359578350283,NA,NA
11.88,0.0682325268491944,NA,NA
11.91,0.06781629778769425,NA,NA
11.94,0.06747266681831605,NA,NA
11.97,0.06709515673928096,NA,NA
12,0.06669828716901327,NA,NA
12.03,0.06635949607244322,NA,NA
12.06,0.06609814294080353,NA,NA
12.09,0.06595294675655924,NA,NA
12.12,0.06585130942758828,NA,NA
12.15,0.06578355120827435,NA,NA
12.18,0.06549799871259392,NA,NA
12.21,0.06522212596252978,NA,NA
12.24,0.06496077283089009,NA,NA
12.27,0.0647332988089073,NA,NA
12.3,0.06464134122555262,NA,NA
12.33,0.06462198173432003,NA,NA
12.36,0.06460262224308745,NA,NA
12.39,0.06461714186151189,NA,NA
12.42,0.06493173359404121,NA,NA
12.45,0.0651834069800646,NA,NA
12.48,0.065435080366088,NA,NA
12.51,0.06558511642314044,NA,NA
12.54,0.06565771451526264,NA,NA
12.57,0.06569643349772769,NA,NA
12.6,0.06589970815566976,NA,NA
12.63,0.06624333912504782,NA,NA
12.66,0.06652889162072825,NA,NA
12.69,0.06671764666024586,NA,NA
12.72,0.06692092131818779,NA,NA
12.75,0.06725003266914155,NA,NA
12.78,0.0676323826209848,NA,NA
12.81,0.06783081740611857,NA,NA
12.84,0.0679469743535141,NA,NA
12.84,0.06796149397193842,NA,NA
12.87,0.06810185028337455,NA,NA
12.9,0.06828576545008402,NA,NA
12.93,0.06862939641946209,NA,NA
12.96,0.06892946853356696,NA,NA
12.99,0.06908434446342755,NA,NA
13.02,0.0692053412836311,NA,NA
13.05,0.06925857988452072,NA,NA
13.08,0.06927309950294516,NA,NA
13.11,0.06928277924856145,NA,NA
13.14,0.06929729886698589,NA,NA
13.17,0.06931181848541021,NA,NA
13.2,0.06931181848541021,NA,NA
13.23,0.06930697861260206,NA,NA
13.26,0.06927309950294516,NA,NA
13.29,0.06911338370027643,NA,NA
13.32,0.06879395209493896,NA,NA
13.35,0.06849871985364224,NA,NA
13.38,0.06827608570446773,NA,NA
13.41,0.06806797117371766,NA,NA
13.44,0.0677485395683802,NA,NA
13.47,0.06743878770865903,NA,NA
13.5,0.06714839534017059,NA,NA
13.53,0.06672732640586215,NA,NA
13.56,0.06634497645401878,NA,NA
13.59,0.0660497442127222,NA,NA
13.62,0.06560447591437303,NA,NA
13.65,0.06527536456341927,NA,NA
13.68,0.06476233804575618,NA,NA
13.71,0.06422511216405236,NA,NA
13.74,0.063750804628854435,NA,NA
13.77,0.06324745785680765,NA,NA
13.8,0.06261827439174901,NA,NA
13.83,0.062076208637237035,NA,NA
13.86,0.06146154479060298,NA,NA
13.89,0.060963037891364334,NA,NA
13.92,0.0605855278123291,NA,NA
13.95,0.059932144983229865,NA,NA
13.98,0.05939007922871789,NA,NA
14.01,0.05876089576365939,NA,NA
14.04,0.05809299331613572,NA,NA
14.07,0.057391211758955014,NA,NA
14.1,0.05688786498690822,NA,NA
14.13,0.056166723938494915,NA,NA
14.16,0.05551818098220383,NA,NA
14.19,0.05491319688118607,NA,NA
14.22,0.054230774815237956,NA,NA
14.25,0.053461235038743185,NA,NA
14.28,0.05283205157368469,NA,NA
14.31,0.052086711161230786,NA,NA
14.34,0.05136557011281749,NA,NA
14.37,0.05071702715652641,NA,NA
14.4,0.05002976521777014,NA,NA
14.43,0.04947317984483372,NA,NA
14.46,0.04868912044991464,NA,NA
14.49,0.04795829965588505,NA,NA
14.52,0.04732427631801841,NA,NA
14.55,0.04670961247138435,NA,NA
14.58,0.04616270684406423,NA,NA
14.61,0.04574163790975581,NA,NA
14.64,0.045364127830720705,NA,NA
14.67,0.04493337915079599,NA,NA
14.7,0.0445365095805283,NA,NA
14.73,0.044226757720807135,NA,NA
14.76,0.04382020840492315,NA,NA
14.79,0.04348625718116138,NA,NA
14.82,0.04321522430390539,NA,NA
14.85,0.043210384431097246,NA,NA
14.88,0.04347657743554509,NA,NA
14.91,0.043829888150539446,NA,NA
14.94,0.04425095708484787,NA,NA
14.97,0.044802702584976144,NA,NA
15,0.045349608212296263,NA,NA
15.03,0.046186906208104964,NA,NA
15.06,0.04707744280480316,NA,NA
15.09,0.04796797940150135,NA,NA
15.12,0.04949253933606631,NA,NA
15.15,0.050944501178509065,NA,NA
15.18,0.05283205157368469,NA,NA
15.21,0.05474380133290105,NA,NA
15.24,0.05698466244307103,NA,NA
15.27,0.06007250129466601,NA,NA
15.3,0.06246823833469657,NA,NA
15.33,0.0660303847214896,NA,NA
15.36,0.06935053746787538,NA,NA
15.39,0.07295140283713346,NA,NA
15.42,0.0776896383163051,NA,NA
15.45,0.08223911875595913,NA,NA
15.48,0.0870741516912936,NA,NA
15.51,0.09219473712230848,NA,NA
15.54,0.0977073522507829,NA,NA
15.57,0.10464772985765936,NA,NA
15.6,0.11110896005652975,NA,NA
15.63,0.11936578306722108,NA,NA
15.66,0.1270369814681271,NA,NA
15.69,0.13373536543459646,NA,NA
15.72,0.14345383003334672,NA,NA
15.75,0.15208816312307316,NA,NA
15.78,0.16249872953338798,NA,NA
15.81,0.17192680176364966,NA,NA
15.84,0.18180498216506877,NA,NA
15.87,0.19366267054501818,NA,NA
15.9,0.20222924541543055,NA,NA
15.93,0.21441120527352545,NA,NA
15.96,0.22516540265321833,NA,NA
15.99,0.23620999240139978,NA,NA
16.02,0.24959708058872215,NA,NA
16.05,0.26130473291161915,NA,NA
16.08,0.2751709685069477,NA,NA
16.11,0.2851362666189134,NA,NA
16.14,0.297110111946258,NA,NA
16.17,0.3111263835986391,NA,NA
16.2,0.32309538905317575,NA,NA
16.23,0.337087461341516,NA,NA
16.26,0.348930630103041,NA,NA
16.29,0.36034305018464124,NA,NA
16.32,0.37140699942405514,NA,NA
16.35,0.38216119680374805,NA,NA
16.38,0.3945561110654013,NA,NA
16.41,0.40503927556783814,NA,NA
16.44,0.41513525024562364,NA,NA
16.47,0.42636375516051445,NA,NA
16.5,0.43364776373676905,NA,NA
16.53,0.44405833014708374,NA,NA
16.56,0.45211671837264117,NA,NA
16.59,0.4597637174095066,NA,NA
16.62,0.4680302201658141,NA,NA
16.65,0.4744478915094112,NA,NA
16.68,0.48090912170828154,NA,NA
16.71,0.4848632977925341,NA,NA
16.74,0.4889771896794553,NA,NA
16.77,0.4930136436014462,NA,NA
16.8,0.49588368817667483,NA,NA
16.83,0.4986472555501242,NA,NA
16.86,0.5005009268356428,NA,NA
16.89,0.5017350944017192,NA,NA
16.92,0.5023255588843126,NA,NA
16.95,0.5023933171036266,NA,NA
16.98,0.501696375419254,NA,NA
17.01,0.5004767274716021,NA,NA
17.04,0.4987730922431359,NA,NA
17.07,0.4959853255056458,NA,NA
17.1,0.49309108156637643,NA,NA
17.13,0.48979996805683956,NA,NA
17.16,0.4859909881568313,NA,NA
17.19,0.4816399425023111,NA,NA
17.22,0.47609828813698785,3,0.817
17.25,0.47112289889021725,NA,NA
17.28,0.4651650154633936,NA,NA
17.31,0.45988471422971017,NA,NA
17.34,0.45524327620670135,NA,NA
17.37,0.4484384150384529,NA,NA
17.4,0.44235469491861756,NA,NA
17.43,0.4359660628118694,NA,NA
17.46,0.4282851846653471,NA,NA
17.49,0.42159648044449405,NA,NA
17.52,0.41371716751283777,NA,NA
17.55,0.40805935620011907,NA,NA
17.58,0.40113349821166705,NA,NA
17.61,0.3929879922755631,NA,NA
17.64,0.3861831311073145,NA,NA
17.67,0.37833769728531547,NA,NA
17.7,0.37160543420918907,NA,NA
17.73,0.36495060909799293,NA,NA
17.76,0.358402261188576,NA,NA
17.79,0.3519603904809382,NA,NA
17.82,0.34461830343098593,NA,NA
17.85,0.338476504837453,NA,NA
17.88,0.3326444581036411,NA,NA
17.91,0.3261638684135381,NA,NA
17.94,0.3207916095964998,NA,NA
17.97,0.31547258938035116,NA,NA
18,0.31019228814666755,NA,NA
18.03,0.30499426475072244,NA,NA
18.06,0.2992154566178002,NA,NA
18.09,0.2945546591035589,NA,NA
18.12,0.29013585522972457,NA,NA
18.15,0.28582836843047765,NA,NA
18.18,0.28088201842055593,NA,NA
18.21,0.2768600841169894,NA,NA
18.24,0.27254775744493437,NA,NA
18.27,0.2691453268608102,NA,NA
18.3,0.26584937347846505,NA,NA
18.33,0.26258245933296886,NA,NA
18.36,0.2594607413717168,NA,NA
18.39,0.25618414748060425,NA,NA
18.42,0.25364805412913755,NA,NA
18.45,0.2513103955628046,NA,NA
18.48,0.24873558322887285,NA,NA
18.51,0.2469496701626682,NA,NA
18.54,0.244500694521748,NA,NA
18.57,0.2425744251441072,NA,NA
18.57,0.24227435303000247,NA,NA
18.6,0.24095306775337957,NA,NA
18.63,0.23914295532313418,NA,NA
18.66,0.23759419602452858,NA,NA
18.69,0.2361083550724288,NA,NA
18.72,0.2353194558047016,NA,NA
18.75,0.23448215780889287,NA,NA
18.78,0.2335093433744562,NA,NA
18.81,0.23281724156289177,NA,NA
18.84,0.23206706127762972,NA,NA
18.87,0.23146691704942,NA,NA
18.9,0.23092969116771614,NA,NA
18.93,0.23040698490443676,NA,NA
18.96,0.23001011533416907,NA,NA
18.99,0.229802000803419,NA,NA
19.02,0.22956968690862806,NA,NA
19.05,0.2291970167024011,NA,NA
19.08,0.22877110789528454,NA,NA
19.11,0.2285871927285752,NA,NA
19.14,0.22854363387330187,NA,NA
19.17,0.22842747692590648,NA,NA
19.2,0.2283597187065924,NA,NA
19.23,0.2283597187065924,NA,NA
19.26,0.22836455857940055,NA,NA
19.29,0.2283500389609761,NA,NA
19.32,0.22833551934255167,NA,NA
19.35,0.2283500389609761,NA,NA
19.38,0.2283403592153598,NA,NA
19.41,0.22832099972412737,NA,NA
19.44,0.22829680036008662,NA,NA
19.47,0.22828712061447035,NA,NA
19.5,0.22828228074166218,NA,NA
19.53,0.22828712061447035,NA,NA
19.56,0.22825808137762144,NA,NA
19.59,0.2280644864652958,NA,NA
19.62,0.22767245676783615,NA,NA
19.65,0.2274159435090046,NA,NA
19.68,0.22724654796071972,NA,NA
19.71,0.2270093941931206,NA,NA
19.74,0.22660768475004478,NA,NA
19.77,0.2261769360701202,NA,NA
19.8,0.22569294878930585,NA,NA
19.83,0.2251121640523287,NA,NA
19.86,0.22460397740747376,NA,NA
19.89,0.22409095088981065,NA,NA
19.92,0.22346660729756032,NA,NA
19.95,0.2229293814158565,NA,NA
19.98,0.22239215553415265,NA,NA
20.01,0.2216952138497801,NA,NA
20.04,0.2209837525469831,NA,NA
20.07,0.22025293175295363,NA,NA
20.1,0.21952211095892404,NA,NA
20.13,0.21851541741483047,NA,NA
20.16,0.2176635998005973,NA,NA
20.19,0.2170586156995794,NA,NA
20.22,0.21622131770377084,NA,NA
20.25,0.21543241843604363,NA,NA
20.28,0.21435796667263596,NA,NA
20.31,0.21338999211100743,NA,NA
20.34,0.21241717767657073,NA,NA
20.37,0.21136208540439566,NA,NA
20.4,0.21031183300502873,NA,NA
20.43,0.2092615806056617,NA,NA
20.46,0.20853075981163222,NA,NA
20.49,0.20766442257897463,NA,NA
20.52,0.20685616382001482,NA,NA
20.55,0.20604306518824686,NA,NA
20.58,0.20519124757401383,NA,NA
20.61,0.20447978627121685,NA,NA
20.64,0.20355053069205348,NA,NA
20.67,0.2028826282445298,NA,NA
20.7,0.20225828465227944,NA,NA
20.73,0.20165330055126154,NA,NA
20.76,0.20110639492394142,NA,NA
20.79,0.20045785196765034,NA,NA
20.82,0.20008034188861526,NA,NA
20.85,0.19982866850259184,NA,NA
20.88,0.1996883121911557,NA,NA
20.91,0.19953343626129513,NA,NA
20.94,0.19925272363842284,NA,NA
20.97,0.19892845216027724,NA,NA
21,0.19895749139712612,NA,NA
21.03,0.19909784770856226,NA,NA
21.06,0.19927208312965544,NA,NA
21.09,0.19940275969547527,NA,NA
21.12,0.1996786324455394,NA,NA
21.15,0.2001722994719699,NA,NA
21.18,0.2007869633186041,NA,NA
21.21,0.2013532284371567,NA,NA
21.24,0.20200661126625605,NA,NA
21.27,0.20293586684541942,NA,NA
21.3,0.20387964204300724,NA,NA
21.33,0.20501701215292067,NA,NA
21.36,0.20605274493386314,NA,NA
21.39,0.2071029973332302,NA,NA
21.42,0.20854527943005666,NA,NA
21.45,0.20967296979435382,NA,NA
21.48,0.21115397087364546,NA,NA
21.51,0.21308508012409438,NA,NA
21.54,0.2149193919183804,NA,NA
21.57,0.2172038118838237,NA,NA
21.6,0.21927043757290066,NA,NA
21.63,0.22135642275321005,NA,NA
21.66,0.2235004864072172,NA,NA
21.69,0.22584782471916645,NA,NA
21.72,0.22895018318918586,NA,NA
21.75,0.23184442712845507,NA,NA
21.78,0.23483546852388723,NA,NA
21.81,0.238426654147529,NA,NA
21.84,0.24115150253851333,NA,NA
21.87,0.24531379315351598,NA,NA
21.9,0.24914213254475684,NA,NA
21.93,0.25326570417729427,NA,NA
21.96,0.2583766098626929,NA,NA
21.99,0.26294544979357953,NA,NA
22.02,0.2684871041589028,NA,NA
22.05,0.2727461922300683,NA,NA
22.08,0.2781523301567636,NA,NA
22.11,0.28464743946529086,NA,NA
22.14,0.29046980645348647,NA,NA
22.17,0.2975408606261828,NA,NA
22.2,0.3038714142592333,NA,NA
22.23,0.3092775521859286,NA,NA
22.26,0.31766021188963156,NA,NA
22.29,0.3249829394483514,NA,NA
22.32,0.33390766490656637,NA,NA
22.35,0.34200477211458885,NA,NA
22.38,0.35034387296301855,NA,NA
22.41,0.3601736546363562,NA,NA
22.44,0.36882734721731525,NA,NA
22.47,0.3777327131842975,NA,NA
22.5,0.38688007279168707,NA,NA
22.53,0.39614358934647204,NA,NA
22.56,0.4070236234191766,NA,NA
22.59,0.41653397348717675,NA,NA
22.62,0.4279609131872015,NA,NA
22.65,0.4363193735268638,NA,NA
22.68,0.44632823049410275,NA,NA
22.71,0.45799716383453454,NA,NA
22.74,0.46818993596848285,NA,NA
22.77,0.48021701989671717,NA,NA
22.8,0.49057918757895047,NA,NA
22.83,0.5010139533533059,NA,NA
22.86,0.5114051602723881,NA,NA
22.89,0.5218447659195518,NA,NA
22.92,0.5338670099749779,NA,NA
22.95,0.5439968637624205,NA,NA
22.98,0.554131557422671,4,0.821
23.01,0.5658198502543353,NA,NA
23.04,0.5758238673487661,NA,NA
23.07,0.5857262471142258,NA,NA
23.1,0.5954785908226333,NA,NA
23.13,0.6033337043902487,NA,NA
23.16,0.6167401520688037,NA,NA
23.19,0.6264586166675541,NA,NA
23.22,0.6374209285779969,NA,NA
23.25,0.646616686913468,NA,NA
23.28,0.6542927251871823,NA,NA
23.31,0.665075961803724,NA,NA
23.34,0.6743975568322066,NA,NA
23.37,0.6853163098873761,NA,NA
23.4,0.6946524245342833,NA,NA
23.43,0.7038481828697544,NA,NA
23.46,0.7144475043195865,NA,NA
23.49,0.7219105881897423,NA,NA
23.52,0.7323889128193712,NA,NA
23.55,0.7414539945890224,NA,NA
23.58,0.7505335959770978,NA,NA
23.61,0.7610699990804242,NA,NA
23.64,0.770052803012337,NA,NA
23.67,0.7804827289138841,NA,NA
23.7,0.788008731130546,NA,NA
23.73,0.7971415711195109,NA,NA
23.76,0.8079393273544773,NA,NA
23.79,0.8173044812382331,NA,NA
23.82,0.8279909203986121,NA,NA
23.85,0.8370463224226468,NA,NA
23.88,0.8460000871177106,NA,NA
23.91,0.8562364181069321,NA,NA
23.94,0.8634139494814076,NA,NA
23.97,0.8719563249877794,NA,NA
24,0.8816989889505704,NA,NA
24.03,0.8898493347594827,NA,NA
24.06,0.8992435278800873,NA,NA
24.09,0.9070841218292783,NA,NA
24.12,0.9134824336816428,NA,NA
24.15,0.9222280838459566,NA,NA
24.18,0.9294346544572809,NA,NA
24.21,0.9374785230644139,NA,NA
24.24,0.9440801095747203,NA,NA
24.27,0.9505219802823582,NA,NA
24.3,0.9575833547094382,NA,NA
24.33,0.9631637280572267,NA,NA
24.33,0.964059104526733,NA,NA
24.36,0.968395630562829,NA,NA
24.39,0.9731629052788494,NA,NA
24.42,0.9774849116965206,NA,NA
24.45,0.9821505490835702,NA,NA
24.48,0.9857223752159793,NA,NA
24.51,0.9889747697430511,NA,NA
24.54,0.9923530009631348,NA,NA
24.57,0.9938727210248915,NA,NA
24.6,0.9964668928500559,NA,NA
24.63,0.9980882502407837,NA,NA
24.66,0.9994095355174065,NA,NA
24.69,0.9999903202543837,NA,NA
24.72,1,NA,NA
24.75,0.9995063329735695,NA,NA
24.78,0.998572237521598,NA,NA
24.81,0.9970815566966902,NA,NA
24.84,0.9953682417226076,NA,NA
24.87,0.9928853869720305,NA,NA
24.9,0.990257336037209,NA,NA
24.93,0.9877841610322482,NA,NA
24.96,0.9839509817681992,NA,NA
24.99,0.9803113974164761,NA,NA
25.02,0.975621560665386,NA,NA
25.05,0.971144678317854,NA,NA
25.08,0.9663483643649845,NA,NA
25.11,0.9612568181708185,NA,NA
25.14,0.9558071213888499,NA,NA
25.17,0.9490748583127236,NA,NA
25.2,0.942976618574464,NA,NA
25.23,0.9366412250686054,NA,NA
25.26,0.9289893861589319,NA,NA
25.29,0.9222329237187649,NA,NA
25.32,0.9153361049671616,NA,NA
25.35,0.9082263318120001,NA,NA
25.38,0.9009181238717047,NA,NA
25.41,0.8920998756152689,NA,NA
25.44,0.8844867556880607,NA,NA
25.47,0.8756055890851189,NA,NA
25.5,0.8705624416190343,NA,NA
25.53,0.8602922315201557,NA,NA
25.56,0.8518998920708366,NA,NA
25.59,0.8439237816830174,NA,NA
25.62,0.83586539345746,NA,NA
25.65,0.8262727655517212,NA,NA
25.68,0.8181514589796581,NA,NA
25.71,0.8101608289734147,NA,NA
25.74,0.8007424364887692,NA,NA
25.77,0.7940343727766835,NA,NA
25.8,0.7847369771122416,NA,NA
25.83,0.7767850660884632,NA,NA
25.86,0.7688573544287257,NA,NA
25.89,0.7595889980011327,NA,NA
25.92,0.75149189079311,NA,NA
25.95,0.7421654558918194,NA,NA
25.98,0.7341990252496164,NA,NA
26.01,0.7275877589936938,NA,NA
26.04,0.7183726411669902,NA,NA
26.07,0.7105272073449911,NA,NA
26.1,0.7015008445578051,NA,NA
26.13,0.6937860873016258,NA,NA
26.16,0.6860229313173651,NA,NA
26.19,0.6783081740611857,NA,NA
26.22,0.6706950541339775,NA,NA
26.25,0.6620123223161695,NA,NA
26.28,0.6545927973012872,NA,NA
26.31,0.6471926317776371,NA,NA
26.34,0.6386357366528407,NA,NA
26.37,0.6315259634976792,NA,NA
26.4,0.623336898706302,NA,NA
26.43,0.6173935348979029,NA,NA
26.46,0.6103466800892473,NA,NA
26.49,0.6022253735171839,NA,NA
26.52,0.5952801560374994,NA,NA
26.55,0.5873669639961863,NA,NA
26.58,0.580741178121839,NA,NA
26.61,0.5740089150457128,NA,NA
26.64,0.5672766519695863,NA,NA
26.67,0.5606992648233204,NA,NA
26.7,0.5530958246417286,NA,NA
26.73,0.5466926729165558,NA,NA
26.76,0.5403669591563134,NA,NA
26.79,0.5331603885449893,NA,NA
26.82,0.5283398752280792,NA,NA
26.85,0.5212397818185338,NA,NA
26.88,0.5154416141943791,NA,NA
26.91,0.5095466491140613,NA,NA
26.94,0.5025917518887605,NA,NA
26.97,0.4966967868084428,NA,NA
27,0.4908211812193576,NA,NA
27.03,0.4840743985248069,NA,NA
27.06,0.4784843454314021,NA,NA
27.09,0.47304916826785803,NA,NA
27.12,0.4677011088148603,NA,NA
27.15,0.46240144808994427,NA,NA
27.18,0.45624029000517874,NA,NA
27.21,0.45095030902587885,NA,NA
27.24,0.4447891509411133,NA,NA
27.27,0.4395282091986623,NA,NA
27.3,0.4352158825266072,NA,NA
27.33,0.42935963642875474,NA,NA
27.36,0.4244762047653388,NA,NA
27.39,0.4189055111631667,NA,NA
27.42,0.4142979522498149,NA,NA
27.45,0.40970975282769573,NA,NA
27.48,0.4043132946466167,NA,NA
27.51,0.4005430337290736,NA,NA
27.54,0.39539340906120996,NA,NA
27.57,0.39120207920935846,NA,NA
27.6,0.38724306325229774,NA,NA
27.63,0.38275166128634147,NA,NA
27.66,0.37895720100475766,NA,NA
27.69,0.3745819559861968,NA,NA
27.72,0.37301867706916664,NA,NA
27.75,0.36847403650232075,NA,NA
27.78,0.36442790283471355,NA,NA
27.81,0.36152881902263617,NA,NA
27.84,0.3583490225876865,NA,NA
27.87,0.3558080893634115,NA,NA
27.9,0.35345107130584613,NA,NA
27.93,0.35121988994129244,NA,NA
27.96,0.3491290648881748,NA,NA
27.99,0.34713987716402817,NA,NA
28.02,0.3459541083260333,NA,NA
28.05,0.3450248527468699,NA,NA
28.08,0.3442311136063345,NA,NA
28.11,0.3438971623825726,NA,NA
28.14,0.34365032886935737,NA,NA
28.17,0.34374228645271204,NA,NA
28.2,0.344148835768596,NA,NA
28.23,0.3448070584705034,NA,NA
28.26,0.3459347488348007,NA,NA
28.29,0.3472899132210806,NA,NA
28.32,0.3492355420899539,NA,NA
28.35,0.3504793894016466,NA,NA
28.38,0.3530832409724273,NA,NA
28.41,0.3554547786484172,NA,NA
28.44,0.35785535556125586,NA,NA
28.47,0.3608609165751125,NA,NA
28.5,0.36362932382137,NA,NA
28.53,0.3665235677606394,NA,NA
28.56,0.37005667491058336,NA,NA
28.59,0.37313483401656206,NA,NA
28.62,0.37625655197781405,NA,NA
28.65,0.37939762943029864,NA,NA
28.68,0.38246610879066106,NA,NA
28.71,0.38582982039232017,NA,NA
28.74,0.38864662636665914,5,0.822
28.77,0.3919716189858531,NA,NA
28.8,0.3942560389512964,NA,NA
28.83,0.39679697217557125,NA,NA
28.86,0.3994831015840904,NA,NA
28.89,0.4016804038389872,NA,NA
28.92,0.4041971376992213,NA,NA
28.95,0.40617180580494355,NA,NA
28.98,0.40760440815615373,NA,NA
29.01,0.4092693244021547,NA,NA
29.04,0.41050833184103924,NA,NA
29.07,0.41175701902554007,NA,NA
29.1,0.41251687905641843,NA,NA
29.13,0.4129718271003839,NA,NA
29.16,0.41325253972325615,NA,NA
29.19,0.41336869667065157,NA,NA
29.22,0.4134025757803086,NA,NA
29.25,0.41322350048640727,NA,NA
29.28,0.41279275180648256,NA,NA
29.31,0.411824777244854,NA,NA
29.34,0.410600289424394,NA,NA
29.37,0.40897893203366625,NA,NA
29.4,0.4076528068842352,NA,NA
29.43,0.40587657356364687,NA,NA
29.46,0.4036115130894361,NA,NA
29.49,0.40154972727316735,NA,NA
29.52,0.3988297187549912,NA,NA
29.55,0.3962307070570187,NA,NA
29.58,0.3935832966309646,NA,NA
29.61,0.3908874874768291,NA,NA
29.64,0.3879690441735192,NA,NA
29.67,0.3841697440191272,NA,NA
29.7,0.3808253919087007,NA,NA
29.73,0.3775245986535475,NA,NA
29.76,0.3742238053983941,NA,NA
29.79,0.37020187109482766,NA,NA
29.82,0.3666832835633081,NA,NA
29.85,0.36243871511056697,NA,NA
29.88,0.3586345750833668,NA,NA
29.91,0.35546445839403346,NA,NA
29.94,0.3517087170949148,NA,NA
29.97,0.34725119423861545,NA,NA
30,0.342551677741909,NA,NA
30.03,0.3384377858549878,NA,NA
30.06,0.33428517498560145,NA,NA
30.09,0.33012288437059883,NA,NA
30.09,0.32944046230465074,NA,NA
30.12,0.3259944728652531,NA,NA
30.15,0.32114976018430247,NA,NA
30.18,0.3172052638456662,NA,NA
30.21,0.31335272509038475,NA,NA
30.24,0.3087693655410737,NA,NA
30.27,0.3047619508559316,NA,NA
30.3,0.300604500113737,NA,NA
30.33,0.2964567291171588,NA,NA
30.36,0.29241543532235975,NA,NA
30.39,0.287875634628322,NA,NA
30.42,0.2839843768905754,NA,NA
30.45,0.2800302008063229,NA,NA
30.48,0.27560171718687243,NA,NA
30.51,0.27177821766843974,NA,NA
30.54,0.26925664393539744,NA,NA
30.57,0.2642328559605454,NA,NA
30.6,0.2602448007666359,NA,NA
30.63,0.2559082747305401,NA,NA
30.66,0.2523509682165554,NA,NA
30.69,0.24827095543929112,NA,NA
30.72,0.24471364892530637,NA,NA
30.75,0.24122410063063554,NA,NA
30.78,0.23773939220877274,NA,NA
30.81,0.23361582057623528,NA,NA
30.84,0.230653818417652,NA,NA
30.87,0.2266996423333996,NA,NA
30.9,0.2234133686966707,NA,NA
30.93,0.22016097416959884,NA,NA
30.96,0.21644395185294535,NA,NA
30.99,0.21330771427326892,NA,NA
31.02,0.20961973119346433,NA,NA
31.05,0.20700136000425912,NA,NA
31.08,0.203502131963972,NA,NA
31.11,0.20065628675278427,NA,NA
31.14,0.1977910820503638,NA,NA
31.17,0.19492103747513517,NA,NA
31.2,0.19213327073764508,NA,NA
31.23,0.18957297802213763,NA,NA
31.26,0.18603987087219348,NA,NA
31.29,0.1831988655338139,NA,NA
31.32,0.180454657651597,NA,NA
31.35,0.17732809981753683,NA,NA
31.38,0.17570674242680903,NA,NA
31.41,0.1725075865006268,NA,NA
31.44,0.1698746956929973,NA,NA
31.47,0.1670191707361931,NA,NA
31.5,0.16460891407773812,NA,NA
31.53,0.16213089919996904,NA,NA
31.56,0.15968192355904898,NA,NA
31.59,0.15694739542244837,NA,NA
31.62,0.15473073367631898,NA,NA
31.65,0.1525721504038875,NA,NA
31.68,0.1504377664954965,NA,NA
31.71,0.14807590856512295,NA,NA
31.74,0.14583988732776113,NA,NA
31.77,0.1433473528315676,NA,NA
31.8,0.1411984493047523,NA,NA
31.83,0.13944641534820468,NA,NA
31.86,0.13709907703625557,NA,NA
31.89,0.13486789567170177,NA,NA
31.92,0.1324624788860549,NA,NA
31.95,0.13040553294259438,NA,NA
31.98,0.12824210979735462,NA,NA
32.01,0.12718217765237141,NA,NA
32.04,0.12500907476151535,NA,NA
32.07,0.12286985098031634,NA,NA
32.1,0.12115653600623376,NA,NA
32.13,0.11923994637420939,NA,NA
32.16,0.11764278834752234,NA,NA
32.19,0.1160601499392596,NA,NA
32.22,0.11414840018004338,NA,NA
32.25,0.11247380418842598,NA,NA
32.28,0.11055721455640147,NA,NA
32.31,0.1089358571656737,NA,NA
32.34,0.10744033646795774,NA,NA
32.37,0.10544630887100287,NA,NA
32.4,0.10381527173465893,NA,NA
32.43,0.10225199281762878,NA,NA
32.46,0.10062579555409286,NA,NA
32.49,0.09969653997492949,NA,NA
32.52,0.09829781673337636,NA,NA
32.55,0.09664742010579969,NA,NA
32.58,0.09526805635547901,NA,NA
32.61,0.09401452929817003,NA,NA
32.64,0.09279972122332637,NA,NA
32.67,0.0913042005256103,NA,NA
32.7,0.0898183595735105,NA,NA
32.73,0.08850191416969574,NA,NA
32.76,0.08708867130971804,NA,NA
32.79,0.08598034043665334,NA,NA
32.82,0.08513336269522848,NA,NA
32.85,0.08365236161593684,NA,NA
32.88,0.08277634463766295,NA,NA
32.91,0.08158089605405175,NA,NA
32.94,0.08052096390906853,NA,NA
32.97,0.07946103176408532,NA,NA
33,0.07841561923752655,NA,NA
33.03,0.07717177192583387,NA,NA
33.06,0.0760005227062634,NA,NA
33.09,0.07532294051312342,NA,NA
33.12,0.07459695959190198,NA,NA
33.15,0.07372578248643638,NA,NA
33.18,0.07279652690727287,NA,NA
33.21,0.07163979730612684,NA,NA
33.24,0.07063310376203324,NA,NA
33.27,0.06970384818286975,NA,NA
33.3,0.06901658624411361,NA,NA
33.33,0.06822284710357825,NA,NA
33.36,0.06735650987092065,NA,NA
33.39,0.066282058107513,NA,NA
33.42,0.06529956392746,NA,NA
33.45,0.0643461089842559,NA,NA
33.48,0.06388148119467428,NA,NA
33.51,0.06291834650585389,NA,NA
33.54,0.06202780990915569,NA,NA
33.57,0.061485744154643716,NA,NA
33.6,0.060648446158835016,NA,NA
33.63,0.05980146841741002,NA,NA
33.66,0.05895933054879317,NA,NA
33.69,0.05811235280736831,NA,NA
33.72,0.057400891504571304,NA,NA
33.75,0.056578113127187045,NA,NA
33.78,0.0557020961489133,NA,NA
33.81,0.05496643548207556,NA,NA
33.84,0.05411461786784255,NA,NA
33.87,0.0533160388544989,NA,NA
33.9,0.05227546620074827,NA,NA
33.93,0.05147688718740475,NA,NA
33.96,0.05105097838028817,NA,NA
33.99,0.05005396458181088,NA,NA
34.02,0.04931830391497314,NA,NA
34.05,0.048650401467449464,NA,NA
34.08,0.047827623090065205,NA,NA
34.11,0.04700968458548909,NA,NA
34.14,0.04612398786159905,NA,NA
34.17,0.04521893164647642,NA,NA
34.2,0.04452198996210386,NA,NA
34.23,0.043747610312801076,NA,NA
34.26,0.04304098888281222,NA,NA
34.29,0.042426325036178165,NA,NA
34.32,0.041559987803520576,NA,NA
34.35,0.040829167009490984,NA,NA
34.38,0.04008382659703709,NA,NA
34.41,0.03945464313197859,NA,NA
34.44,0.039086812798559654,NA,NA
34.47,0.03831243314925687,6,0.817
34.5,0.03758161235522741,NA,NA
34.53,0.03690403016208744,NA,NA
34.56,0.03615384987682526,NA,NA
34.59,0.03559242463108069,NA,NA
34.62,0.03504067913095256,NA,NA
34.65,0.03438245642904504,NA,NA
34.68,0.03365163563501558,NA,NA
34.71,0.032915974968177844,NA,NA
34.74,0.0322916313759275,NA,NA
34.77,0.03174956562141552,NA,NA
34.8,0.031067143555467403,NA,NA
34.83,0.030336322761437943,NA,NA
34.86,0.029653900695489826,NA,NA
34.89,0.029029557103239345,NA,NA
34.92,0.028468131857494777,NA,NA
34.95,0.02781958890120369,NA,NA
34.98,0.027263003528267275,NA,NA
35.01,0.026653179554441367,NA,NA
35.04,0.026077234690272358,NA,NA
35.07,0.025583567663841858,NA,NA
35.1,0.024968903817207806,NA,NA
35.13,0.024465557045160874,NA,NA
35.16,0.02377829510640461,NA,NA
35.19,0.023081353422032182,NA,NA
35.22,0.022306973772729263,NA,NA
35.25,0.02176006814540914,NA,NA
35.28,0.02122284226370531,NA,NA
35.31,0.020608178417071257,NA,NA
35.34,0.020056432916942986,NA,NA
35.37,0.019596645000169517,NA,NA
35.4,0.019253014030791316,NA,NA
35.43,0.018793226114017847,NA,NA
35.46,0.018299559087587212,NA,NA
35.49,0.01786881040766249,NA,NA
35.52,0.01739450287246458,NA,NA
35.55,0.017026672539045776,NA,NA
35.58,0.0167362801705572,NA,NA
35.61,0.01617485492481263,NA,NA
35.64,0.01587478281070776,NA,NA
35.67,0.015545671459754136,NA,NA
35.7,0.015139122143870155,NA,NA
35.73,0.014771291810451217,NA,NA
35.76,0.01450025893319523,NA,NA
35.79,0.014006591906764728,NA,NA
35.82,0.013624241954921483,NA,NA
35.82,0.013595202718072599,NA,NA
35.85,0.013440326788212014,NA,NA
35.88,0.013203173020613058,NA,NA
35.91,0.012927300270548923,NA,NA
35.94,0.01252075095466494,NA,NA
35.97,0.012244878204600806,NA,NA
36,0.011896407362414593,NA,NA
36.03,0.011407580208792104,NA,NA
36.06,0.011228504914890917,NA,NA
36.09,0.011001030892908256,NA,NA
36.12,0.010875194199896422,NA,NA
36.15,0.01072515814284412,NA,NA
36.18,0.010425086028739247,NA,NA
36.21,0.010062095568128593,NA,NA
36.24,0.009863660782994681,NA,NA
36.27,0.009694265234709655,NA,NA
36.3,0.00959746777854684,NA,NA
36.33,0.009394193120604782,NA,NA
36.36,0.008982803931912788,NA,NA
36.39,0.008711771054656798,NA,NA
36.42,0.008576254616028805,NA,NA
36.45,0.008450417923017105,NA,NA
36.48,0.00828102237473208,NA,NA
36.51,0.00793739140535388,NA,NA
36.54,0.0076131199272084045,NA,NA
36.57,0.0074001655236500515,NA,NA
36.6,0.007308207940295384,NA,NA
36.63,0.007177531374475537,NA,NA
36.66,0.006969416843725466,NA,NA
36.69,0.006640305492771709,NA,NA
36.72,0.0063257137602423935,NA,NA
36.75,0.006165997957573797,NA,NA
36.78,0.006049841010178258,NA,NA
36.81,0.006001442282096918,NA,NA
36.84,0.005851406225044481,NA,NA
36.87,0.005551334110939609,NA,NA
36.9,0.005188343650328954,NA,NA
36.93,0.00501410822923578,NA,NA
36.96,0.004912470900264818,NA,NA
36.99,0.004873751917799638,NA,NA
37.02,0.004830193062526311,NA,NA
37.05,0.0047963139528694135,NA,NA
37.08,0.004776954461636824,NA,NA
37.11,0.004597879167735503,NA,NA
37.14,0.0042300488343167,NA,NA
37.17,0.003939656465828122,NA,NA
37.2,0.003755741299118654,NA,NA
37.23,0.003683143206996577,NA,NA
37.26,0.003654103970147692,NA,NA
37.29,0.0036299046061069548,NA,NA
37.32,0.0036105451148744994,NA,NA
37.35,0.003576666005217467,NA,NA
37.38,0.00355246664117673,NA,NA
37.41,0.0033782312200835566,NA,NA
37.44,0.003024920505089196,NA,NA
37.47,0.002700649026943586,NA,NA
37.5,0.002594171825164477,NA,NA
37.53,0.0025022142418098096,NA,NA
37.56,0.002448975640920188,NA,NA
37.59,0.0024344560224957455,NA,NA
37.62,0.0023086193294840464,NA,NA
37.65,0.0020521060706525005,NA,NA
37.68,0.0016987953556581402,NA,NA
37.71,0.0014374422240184472,NA,NA
37.74,0.0013648441318962355,NA,NA
37.77,0.0012970859125823056,NA,NA
37.8,0.0012341675660763889,NA,NA
37.83,0.0012196479476519464,NA,NA
37.86,0.0012293276932682413,NA,NA
37.89,0.0011422099827217216,NA,NA
37.92,7.98579013343522e-4,NA,NA
37.95,4.5978791677360405e-4,NA,NA
37.98,2.177942763665006e-4,NA,NA
38.01,1.2099682020368606e-4,NA,NA
38.04,7.743796493035908e-5,NA,NA
38.07,3.871898246517954e-5,NA,NA
38.1,1.4519618424442328e-5,NA,NA
38.13,2.419936404073721e-5,NA,NA
38.16,9.679745616294885e-6,NA,NA
38.19,1.4519618424442328e-5,NA,NA
38.22,1.4519618424442328e-5,NA,NA
38.25,2.9039236848884656e-5,NA,NA
38.28,2.419936404073721e-5,NA,NA
38.31,9.679745616294885e-6,NA,NA
38.34,0,NA,NA
38.37,0,NA,NA
38.4,0,NA,NA
38.43,0,NA,NA
38.46,1.4519618424442328e-5,NA,NA
38.49,9.679745616294885e-6,NA,NA
38.52,1.4519618424442328e-5,NA,NA
38.55,1.4519618424442328e-5,NA,NA
38.58,1.306765658198466e-4,NA,NA
38.61,4.210689343084245e-4,NA,NA
38.64,7.308207940295922e-4,NA,NA
38.67,9.389353247796635e-4,NA,NA
38.7,0.0011809289651869012,NA,NA
38.73,0.0014519618424428894,NA,NA
38.76,0.0018343117942861344,NA,NA
38.79,0.0023957370400307003,NA,NA
38.82,0.0027926066102983878,NA,NA
38.85,0.0034024305841242938,NA,NA
38.88,0.003900937483362943,NA,NA
38.91,0.004399444382601726,NA,NA
38.94,0.005144784795055627,NA,NA
38.97,0.005948203681207296,NA,NA
39,0.007032335190231248,NA,NA
39.03,0.007874473058848098,NA,NA
39.06,0.008895686221366134,NA,NA
39.09,0.01011533416901808,NA,NA
39.12,0.011209145423658327,NA,NA
39.15,0.012656267393292935,NA,NA
39.18,0.01404047101642176,NA,NA
39.21,0.015531151841329695,NA,NA
39.24,0.017041192157470218,NA,NA
39.27,0.01858511158326764,NA,NA
39.3,0.020554939816181634,NA,NA
39.33,0.022427970592932816,NA,NA
39.36,0.023720216632706972,NA,NA
39.39,0.026904852940464765,NA,NA
39.42,0.029286070362070888,NA,NA
39.45,0.03171084663895034,NA,NA
39.48,0.03425661973603334,NA,NA
39.51,0.03681207257873264,NA,NA
39.54,0.03983699308382183,NA,NA
39.57,0.04246988389145136,NA,NA
39.6,0.04554804299743004,NA,NA
39.63,0.04831161037087955,NA,NA
39.66,0.05074606639337529,NA,NA
39.69,0.054163016595923895,NA,NA
39.72,0.05697014282464659,NA,NA
39.75,0.06020317786048585,NA,NA
39.78,0.06261343451894086,NA,NA
39.81,0.0661659011601176,NA,NA
39.84,0.0692053412836311,NA,NA
39.87,0.07213830420536549,NA,NA
39.9,0.07543909746051883,NA,NA
39.93,0.07828010279889855,NA,NA
39.96,0.08108722902762125,NA,NA
39.99,0.08428154508099533,NA,NA
40.02,0.08653692580958976,NA,NA
40.05,0.08959572542433586,NA,NA
40.08,0.0922721750872387,NA,NA
40.11,0.09524385699143828,NA,NA
40.14,0.09767831301393402,NA,NA
40.17,0.10017084751012753,NA,NA
40.2,0.10230523141851841,NA,NA
40.23,0.10478324629628735,7,0.821
40.26,0.106840192239748,NA,NA
40.29,0.10908105334991798,NA,NA
40.32,0.11104120183721582,NA,NA
40.35,0.11325786358334505,NA,NA
40.38,0.11489858046530543,NA,NA
40.41,0.11639894103582966,NA,NA
40.44,0.11788478198792944,NA,NA
40.47,0.11933190395756406,NA,NA
40.5,0.12089034300178592,NA,NA
40.53,0.12205675234854838,NA,NA
40.56,0.122961808563671,NA,NA
40.59,0.12380394643228786,NA,NA
40.62,0.12440409066049747,NA,NA
40.65,0.1246799634105616,NA,NA
40.68,0.125202669673841,NA,NA
40.71,0.12563825822657385,NA,NA
40.74,0.12605932716088228,NA,NA
40.77,0.12627712143724865,NA,NA
40.8,0.12632068029252197,NA,NA
40.83,0.12610772588896377,NA,NA
40.86,0.12581733352047517,NA,NA
40.89,0.1255463006432192,NA,NA
40.92,0.12521718929226544,NA,NA
40.95,0.12478644061234072,NA,NA
40.98,0.12424437485782873,NA,NA
41.01,0.12359583190153765,NA,NA
41.04,0.1226230174671011,NA,NA
41.07,0.12182443845375743,NA,NA
41.1,0.12068706834384399,NA,NA
41.13,0.11969973429098285,NA,NA
41.16,0.11866400151004038,NA,NA
41.19,0.11743467381677214,NA,NA
41.22,0.11638926129021336,NA,NA
41.25,0.1152083323250266,NA,NA
41.28,0.11457914885996796,NA,NA
41.31,0.11312234714471707,NA,NA
41.34,0.11149131000837299,NA,NA
41.37,0.11016518485894193,NA,NA
41.4,0.10882937996389458,NA,NA
41.43,0.10715478397227732,NA,NA
41.46,0.10622552839311394,NA,NA
41.49,0.10442993558129299,NA,NA
41.52,0.10267306175193722,NA,NA
41.55,0.10141953469462824,NA,NA
41.58,0.09960942226438298,NA,NA
41.58,0.09934806913274327,NA,NA
41.61,0.09846721228166125,NA,NA
41.64,0.09676357705319509,NA,NA
41.67,0.0950357424606882,NA,NA
41.7,0.09357894074543731,NA,NA
41.73,0.0920495409380642,NA,NA
41.76,0.09025394812624324,NA,NA
41.79,0.08872454831887025,NA,NA
41.82,0.0871467497834158,NA,NA
41.85,0.08545763417337396,NA,NA
41.88,0.08431058431784422,NA,NA
41.91,0.08284410285697702,NA,NA
41.94,0.08116466699255147,NA,NA
41.97,0.0798675810799693,NA,NA
42,0.07821234457958448,NA,NA
42.03,0.076736183373101,NA,NA
42.06,0.07541489809647808,NA,NA
42.09,0.07420492989444244,NA,NA
42.12,0.0729223636002847,NA,NA
42.15,0.07127680684551618,NA,NA
42.18,0.06988776334957922,NA,NA
42.21,0.06862939641946209,NA,NA
42.24,0.06747266681831605,NA,NA
42.27,0.06617558090573389,NA,NA
42.3,0.06510596901513438,NA,NA
42.33,0.06384276221220911,NA,NA
42.36,0.062821549049691075,NA,NA
42.39,0.06197457130826607,NA,NA
42.42,0.06073072399657339,NA,NA
42.45,0.059670791851590174,NA,NA
42.48,0.05846082364955452,NA,NA
42.51,0.05741541112299575,NA,NA
42.54,0.05636515872362883,NA,NA
42.57,0.055150350648785026,NA,NA
42.6,0.05429369316174374,NA,NA
42.63,0.05306920534128364,NA,NA
42.66,0.05203347256034117,NA,NA
42.69,0.05099773977939869,NA,NA
42.72,0.05001040572653755,NA,NA
42.75,0.0494199412439441,NA,NA
42.78,0.04851972490162962,NA,NA
42.81,0.04777438448917572,NA,NA
42.84,0.04713068140569278,NA,NA
42.87,0.04629338340988408,NA,NA
42.9,0.04552384363338931,NA,NA
42.93,0.044734944365662076,NA,NA
42.96,0.044168679247109495,NA,NA
42.99,0.0434475381986962,NA,NA
43.02,0.04263443956692824,NA,NA
43.05,0.04222789025104425,NA,NA
43.08,0.041351873272770505,NA,NA
43.11,0.040804967645450385,NA,NA
43.14,0.040282261382170996,NA,NA
43.17,0.03975471524608333,NA,NA
43.2,0.03920780961876334,NA,NA
43.23,0.038602825517745444,NA,NA
43.26,0.037988161671111395,NA,NA
43.29,0.03728154024112254,NA,NA
43.32,0.03660879792079071,NA,NA
43.35,0.03623612771456377,NA,NA
43.38,0.035747300560941275,NA,NA
43.41,0.035331071499441,NA,NA
43.44,0.03475028676246398,NA,NA
43.47,0.034237260244800886,NA,NA
43.5,0.03370487423590507,NA,NA
43.53,0.03310473000769546,NA,NA
43.56,0.03267882120057889,NA,NA
43.59,0.0320399579899041,NA,NA
43.62,0.03161888905559567,NA,NA
43.65,0.03127041821340946,NA,NA
43.68,0.03082031004225215,NA,NA
43.71,0.03041376072636817,NA,NA
43.74,0.030050770265757514,NA,NA
43.77,0.02977489751569338,NA,NA
43.8,0.02933930896296051,NA,NA
43.83,0.028777883717215947,NA,NA
43.86,0.028303576182018033,NA,NA
43.89,0.027858307883668873,NA,NA
43.92,0.027534036405523262,NA,NA
43.95,0.02711296747121497,NA,NA
43.98,0.02675965675622048,NA,NA
44.01,0.026498303624580784,NA,NA
44.04,0.026265989729789975,NA,NA
44.07,0.02593203850602807,NA,NA
44.1,0.02557872779103371,NA,NA
44.13,0.025317374659394015,NA,NA
44.16,0.02490114559789374,NA,NA
44.19,0.024494596282009756,NA,NA
44.22,0.024126765948590954,NA,NA
44.25,0.023870252689759407,NA,NA
44.28,0.023463703373875426,NA,NA
44.31,0.0231684711325787,NA,NA
44.34,0.02284419965443309,NA,NA
44.37,0.022631245250874874,NA,NA
44.4,0.022316653518345556,NA,NA
44.43,0.021982702294583788,NA,NA
44.46,0.021716509290135945,NA,NA
44.49,0.021561633360275362,NA,NA
44.52,0.021276080864594933,NA,NA
44.55,0.020879211294327245,NA,NA
44.58,0.020574299307414223,NA,NA
44.61,0.02035650503104786,NA,NA
44.64,0.020274227193309353,NA,NA
44.67,0.02018710948276283,NA,NA
44.7,0.019848318386192915,NA,NA
44.73,0.01957244563612878,NA,NA
44.76,0.019267533649215757,NA,NA
44.79,0.01914653682901221,NA,NA
44.82,0.019073938736889996,NA,NA
44.85,0.01903521975442495,NA,NA
44.88,0.019020700136000507,NA,NA
44.91,0.01883678496929104,NA,NA
44.94,0.01854639260080246,NA,NA
44.97,0.018256000232314017,NA,NA
45,0.018023686337523076,NA,NA
45.03,0.017941408499784702,NA,NA
45.06,0.017878490153278786,NA,NA
45.09,0.017844611043621887,NA,NA
45.12,0.017815571806773005,NA,NA
45.15,0.017810731933964857,NA,NA
45.18,0.017815571806773005,NA,NA
45.21,0.017839771170813742,NA,NA
45.24,0.017844611043621887,NA,NA
45.27,0.017830091425197446,NA,NA
45.3,0.017844611043621887,NA,NA
45.33,0.017844611043621887,NA,NA
45.36,0.017810731933964857,NA,NA
45.39,0.017815571806773005,NA,NA
45.42,0.017815571806773005,NA,NA
45.45,0.017810731933964857,NA,NA
45.48,0.017815571806773005,NA,NA
45.51,0.017815571806773005,NA,NA
45.54,0.017810731933964857,NA,NA
45.57,0.017810731933964857,NA,NA
45.6,0.01780105218834856,NA,NA
45.63,0.01780105218834856,NA,NA
45.66,0.01780105218834856,NA,NA
45.69,0.017815571806773005,NA,NA
45.72,0.017839771170813742,NA,NA
45.75,0.017810731933964857,NA,NA
45.78,0.017839771170813742,NA,NA
45.81,0.017839771170813742,NA,NA
45.84,0.017815571806773005,NA,NA
45.87,0.017825251552389298,NA,NA
45.9,0.017810731933964857,NA,NA
45.93,0.01780105218834856,NA,NA
45.96,0.017839771170813742,NA,NA
45.99,0.017975287609441736,8,0.821
46.02,0.018314078706011653,NA,NA
46.05,0.01862383056573282,NA,NA
46.08,0.01879806598682586,NA,NA
46.11,0.018904543188605103,NA,NA
46.14,0.018952941916686443,NA,NA
46.17,0.01899166089915162,NA,NA
46.2,0.019059419118465686,NA,NA
46.23,0.019282053267640202,NA,NA
46.26,0.019649883601059005,NA,NA
46.29,0.019872517750233517,NA,NA
46.32,0.019988674697629057,NA,NA
46.35,0.020095151899408165,NA,NA
46.38,0.020148390500297653,NA,NA
46.41,0.02031778604858268,NA,NA
46.44,0.020656577145152732,NA,NA
46.47,0.02096148913206562,NA,NA
46.5,0.02122284226370531,NA,NA
46.53,0.021677790307670766,NA,NA
46.56,0.02204562064108957,NA,NA
46.59,0.022297294027112967,NA,NA
46.62,0.022699003470188803,NA,NA
46.65,0.023042634439567004,NA,NA
46.68,0.02356534070284639,NA,NA
46.71,0.024102566584550216,NA,NA
46.74,0.02463011272063775,NA,NA
46.77,0.025389972751516093,NA,NA
46.8,0.026120793545545685,NA,NA
46.83,0.02678869599306936,NA,NA
46.86,0.027480797804633774,NA,NA
46.89,0.028269697072361002,NA,NA
46.92,0.02937802794542569,NA,NA
46.95,0.030563796783420607,NA,NA
46.98,0.03214159531887506,NA,NA
47.01,0.033453200849881674,NA,NA
47.04,0.034595410832603396,NA,NA
47.07,0.03642488275408125,NA,NA
47.1,0.03807527938165791,NA,NA
47.13,0.039982189268066126,NA,NA
47.16,0.041724543478997456,NA,NA
47.19,0.043578214764516045,NA,NA
47.22,0.04597879167735476,NA,NA
47.25,0.04827289138841437,NA,NA
47.28,0.05073154677495085,NA,NA
47.31,0.05325796038080126,NA,NA
47.34,0.05583277271473315,NA,NA
47.34,0.056278041013082175,NA,NA
47.37,0.05835918632058356,NA,NA
47.4,0.06160674097484727,NA,NA
47.43,0.06451550453254093,NA,NA
47.46,0.0680631313009095,NA,NA
47.49,0.07116548977092893,NA,NA
47.52,0.07433560646026229,NA,NA
47.55,0.07747184403993873,NA,NA
47.58,0.08062260123803949,NA,NA
47.61,0.08434446342750111,NA,NA
47.64,0.08771301490196838,NA,NA
47.67,0.09175914856957561,NA,NA
47.7,0.09456143492549016,NA,NA
47.73,0.0978622281806435,NA,NA
47.76,0.10179704477366347,NA,NA
47.79,0.10531563230518302,NA,NA
47.82,0.10934240648155767,NA,NA
47.85,0.11269159846479235,NA,NA
47.88,0.1158278360444688,NA,NA
47.91,0.1187317597293543,NA,NA
47.94,0.12157760494054218,NA,NA
47.97,0.12450088811666042,NA,NA
48,0.12799043641133123,NA,NA
48.03,0.13086532085936786,NA,NA
48.06,0.1340741565311664,NA,NA
48.09,0.1367457663212611,NA,NA
48.12,0.1392576603086872,NA,NA
48.15,0.14158079925659556,NA,NA
48.18,0.1438458597308064,NA,NA
48.21,0.14628515562611016,NA,NA
48.24,0.14814366678443702,NA,NA
48.27,0.14988118112256021,NA,NA
48.3,0.15171549291684622,NA,NA
48.33,0.15278994468025386,NA,NA
48.36,0.15428546537796994,NA,NA
48.39,0.1554131557422671,NA,NA
48.42,0.1564730878872503,NA,NA
48.45,0.15750398079538477,NA,NA
48.48,0.1580847655323618,NA,NA
48.51,0.15889786416412977,NA,NA
48.54,0.1594447697914499,NA,NA
48.57,0.15972064254151402,NA,NA
48.6,0.15981260012486884,NA,NA
48.63,0.15981260012486884,NA,NA
48.66,0.15962868495815935,NA,NA
48.69,0.15921245589665908,NA,NA
48.72,0.1587768673439262,NA,NA
48.75,0.1583219192999609,NA,NA
48.78,0.15781857252791395,NA,NA
48.81,0.15703935300580302,NA,NA
48.84,0.15618753539157001,NA,NA
48.87,0.15508404439131349,NA,NA
48.9,0.15396119389982435,NA,NA
48.93,0.15284802315395152,NA,NA
48.96,0.1512750644913052,NA,NA
48.99,0.14995861908749045,NA,NA
49.02,0.14834694144237895,NA,NA
49.05,0.14688045998151175,NA,NA
49.08,0.14532202093728988,NA,NA
49.11,0.14374906227464346,NA,NA
49.14,0.14215674412076457,NA,NA
49.17,0.14029823296243782,NA,NA
49.2,0.13873979391821595,NA,NA
49.23,0.13703615868974967,NA,NA
49.26,0.13498889249190532,NA,NA
49.29,0.13332881611871247,NA,NA
49.32,0.1316106612718219,NA,NA
49.35,0.12952467609151236,NA,NA
49.38,0.1280823939946859,NA,NA
49.41,0.12609320627053933,NA,NA
49.44,0.12427341409467763,NA,NA
49.47,0.12250686051970555,NA,NA
49.5,0.12055155190521599,NA,NA
49.53,0.11879467807586022,NA,NA
49.56,0.11726527826848711,NA,NA
49.59,0.11539224749173593,NA,NA
49.62,0.1136498932808046,NA,NA
49.65,0.11178654224966972,NA,NA
49.68,0.11007806714839541,NA,NA
49.71,0.10802112120493476,NA,NA
49.74,0.1063174859764686,NA,NA
49.77,0.10492360260772349,NA,NA
49.8,0.10303605221254787,NA,NA
49.83,0.10158409037010512,NA,NA
49.86,0.10017084751012753,NA,NA
49.89,0.09845269266323681,NA,NA
49.92,0.09706364916729997,NA,NA
49.95,0.09571332465382817,NA,NA
49.98,0.09402904891659448,NA,NA
50.01,0.09264968516627393,NA,NA
50.04,0.0910767265036275,NA,NA
50.07,0.08987159817439999,NA,NA
50.1,0.08840995658634095,NA,NA
50.13,0.08685151754211907,NA,NA
50.16,0.08610617712966503,NA,NA
50.19,0.0846251760503734,NA,NA
50.22,0.08331357051936679,NA,NA
50.25,0.0817115726198716,NA,NA
50.28,0.08041448670728943,NA,NA
50.31,0.0791561197771723,NA,NA
50.34,0.07798971043040998,NA,NA
50.37,0.0767265036274847,NA,NA
50.4,0.07567141135530964,NA,NA
50.43,0.07460179946471013,NA,NA
50.46,0.07353702744691876,NA,NA
50.49,0.0723367389904994,NA,NA
50.52,0.07150912074030699,NA,NA
50.55,0.07065730312607385,NA,NA
50.58,0.06986840385834663,NA,NA
50.61,0.06897786726164844,NA,NA
50.64,0.06799537308159545,NA,NA
50.67,0.06705643775681579,NA,NA
50.7,0.06619494039696648,NA,NA
50.73,0.06545443985732059,NA,NA
50.76,0.06466070071678522,NA,NA
50.79,0.06385728183063355,NA,NA
50.82,0.06321841861995875,NA,NA
50.85,0.06247307820750472,NA,NA
50.88,0.061785816268748454,NA,NA
50.91,0.061156632803689964,NA,NA
50.94,0.06049357022897443,NA,NA
50.97,0.059932144983229865,NA,NA
51,0.05928360202693878,NA,NA
51.03,0.05844630403113008,NA,NA
51.06,0.05782196043887973,NA,NA
51.09,0.05722181621066998,NA,NA
51.12,0.0566652308377337,NA,NA
51.15,0.056157044192878626,NA,NA
51.18,0.055537540473436425,NA,NA
51.21,0.055014834210157036,NA,NA
51.24,0.0543711311266741,NA,NA
51.27,0.05382906537216212,NA,NA
51.3,0.053388636946621104,NA,NA
51.33,0.0528126920824521,NA,NA
51.36,0.05227546620074827,NA,NA
51.39,0.05168016184534681,NA,NA
51.42,0.05116713532768358,NA,NA
51.45,0.05072186702933455,NA,NA
51.48,0.050339517077491305,NA,NA
51.51,0.049995886108113105,NA,NA
51.54,0.049463500099217426,NA,NA
51.57,0.048994032436827664,NA,NA
51.6,0.048471326173548275,NA,NA
51.63,0.04807445660328059,NA,NA
51.66,0.0479292604190363,NA,NA
51.69,0.04782278321725705,NA,NA
51.72,0.04765338766897216,9,0.818
51.75,0.047304916826785816,NA,NA
51.78,0.04700968458548909,NA,NA
51.81,0.046767690945081986,NA,NA
51.84,0.04666121374330288,NA,NA
51.87,0.04658377577837265,NA,NA
51.9,0.04651601755905859,NA,NA
51.93,0.04626918404584334,NA,NA
51.96,0.04585779485715121,NA,NA
51.99,0.045654520199209285,NA,NA
52.02,0.045519003760581295,NA,NA
52.05,0.04544156579565093,NA,NA
52.08,0.04541252655880205,NA,NA
52.11,0.04538832719476144,NA,NA
52.14,0.04535928795791256,NA,NA
52.17,0.04532056897544738,NA,NA
52.2,0.045296369611406644,NA,NA
52.23,0.04530120948421479,NA,NA
52.26,0.04528668986579035,NA,NA
52.29,0.04528668986579035,NA,NA
52.32,0.04528668986579035,NA,NA
52.35,0.04528668986579035,NA,NA
52.38,0.045296369611406644,NA,NA
52.41,0.04528668986579035,NA,NA
52.44,0.0452818499929822,NA,NA
52.47,0.04530120948421479,NA,NA
52.5,0.045296369611406644,NA,NA
52.53,0.04528668986579035,NA,NA
52.56,0.04530120948421479,NA,NA
52.59,0.045296369611406644,NA,NA
52.62,0.045310889229831085,NA,NA
52.65,0.045349608212296263,NA,NA
52.68,0.04552384363338931,NA,NA
52.71,0.04585779485715121,NA,NA
52.74,0.046148187225639785,NA,NA
52.77,0.04633210239234912,NA,NA
52.8,0.046424059975703924,NA,NA
52.83,0.04647729857659341,NA,NA
52.86,0.046603135269605106,NA,NA
52.89,0.04685964852843679,NA,NA
52.92,0.04724683835308818,NA,NA
52.95,0.047508191484727874,NA,NA
52.98,0.047880861690954825,NA,NA
53.01,0.04828741100683881,NA,NA
53.04,0.048597162866559976,NA,NA
53.07,0.04902791154648456,NA,NA
53.07,0.04908599002018233,NA,NA
53.1,0.049434460862368544,NA,NA
53.13,0.04987004941510141,NA,NA
53.16,0.05040243542399709,NA,NA
53.19,0.05089126257761958,NA,NA
53.22,0.05145752769617216,NA,NA
53.25,0.05196571434102724,NA,NA
53.28,0.052551338950812404,NA,NA
53.31,0.05342251605627814,NA,NA
53.34,0.054284013416127444,NA,NA
53.37,0.055068072811046524,NA,NA
53.4,0.055852132205965736,NA,NA
53.43,0.05661199223684408,NA,NA
53.46,0.05748316934230968,NA,NA
53.49,0.058422104667089345,NA,NA
53.52,0.05953527541296218,NA,NA
53.55,0.061054995474719,NA,NA
53.58,0.062381120624150056,NA,NA
53.61,0.06391052043152316,NA,NA
53.64,0.06541572087485541,NA,NA
53.67,0.06681928398921683,NA,NA
53.7,0.06879879196774712,NA,NA
53.73,0.07046370821374823,NA,NA
53.76,0.07256905288529021,NA,NA
53.79,0.07451952162697174,NA,NA
53.82,0.07665874540817078,NA,NA
53.85,0.0794077931631957,NA,NA
53.88,0.08139698088734228,NA,NA
53.91,0.08416538813359993,NA,NA
53.94,0.08664824288417702,NA,NA
53.97,0.08916497674441128,NA,NA
54,0.09222861623196552,NA,NA
54.03,0.09502122284226376,NA,NA
54.06,0.09821553889563785,NA,NA
54.09,0.10049511898827301,NA,NA
54.12,0.10335548381788533,NA,NA
54.15,0.10684987198536429,NA,NA
54.18,0.10991835134572668,NA,NA
54.21,0.11289971299554255,NA,NA
54.24,0.1156923196058408,NA,NA
54.27,0.11900763247941844,NA,NA
54.3,0.12193091565553668,NA,NA
54.33,0.12499455514309092,NA,NA
54.36,0.12862445974919787,NA,NA
54.39,0.13171229860079287,NA,NA
54.42,0.13459686279444577,NA,NA
54.45,0.13737494978631973,NA,NA
54.48,0.14007075894045515,NA,NA
54.51,0.14301824148061398,NA,NA
54.54,0.14550593610399923,NA,NA
54.57,0.14848245788100695,NA,NA
54.6,0.15094111326754342,NA,NA
54.63,0.1528577028995678,NA,NA
54.66,0.15542283548788338,NA,NA
54.69,0.15751850041380921,NA,NA
54.72,0.15969160330466528,NA,NA
54.75,0.1614775163708698,NA,NA
54.78,0.16310371363440573,NA,NA
54.81,0.16473959064355795,NA,NA
54.84,0.1657511240604597,NA,NA
54.87,0.16709660870112333,NA,NA
54.9,0.16819525982857172,NA,NA
54.93,0.16916807426300842,NA,NA
54.96,0.17008281022374735,NA,NA
54.99,0.1707361930528466,NA,NA
55.02,0.17096366707482938,NA,NA
55.05,0.1715250923205738,NA,NA
55.08,0.1717090074872833,NA,NA
55.11,0.17181064481625424,NA,NA
55.14,0.17182516443467868,NA,NA
55.17,0.17170416761447513,NA,NA
55.2,0.17124921957050968,NA,NA
55.23,0.17084267025462582,NA,NA
55.26,0.1703586829738115,NA,NA
55.29,0.16981177734649136,NA,NA
55.32,0.16918259388143286,NA,NA
55.35,0.16834045601281603,NA,NA
55.38,0.1674257200520771,NA,NA
55.41,0.16645774549044856,NA,NA
55.44,0.16521389817875587,NA,NA
55.47,0.16396521099425518,NA,NA
55.5,0.16235353334914368,NA,NA
55.53,0.16086285252423574,NA,NA
55.56,0.15960448559411863,NA,NA
55.59,0.15779437316387335,NA,NA
55.62,0.15622141450122692,NA,NA
55.65,0.1544258216894061,NA,NA
55.68,0.15284802315395152,NA,NA
55.71,0.1512750644913052,NA,NA
55.74,0.14964402735496113,NA,NA
55.77,0.147838754797524,NA,NA
55.8,0.14561241330577834,NA,NA
55.83,0.14377810151149234,NA,NA
55.86,0.142035747300561,NA,NA
55.89,0.13990136339217013,NA,NA
55.92,0.1379508946504886,NA,NA
55.95,0.13672156695722049,NA,NA
55.98,0.1344274672461609,NA,NA
56.01,0.13260283519749105,NA,NA
56.04,0.13045877154348387,NA,NA
56.07,0.12875513631501773,NA,NA
56.1,0.1267514289724467,NA,NA
56.13,0.12487839819569552,NA,NA
56.16,0.12326672055058403,NA,NA
56.19,0.12115653600623376,NA,NA
56.22,0.11942870141372687,NA,NA
56.25,0.1175024320360862,NA,NA
56.28,0.11588107464535842,NA,NA
56.31,0.11429359636428767,NA,NA
56.34,0.11248348393404227,NA,NA
56.37,0.11115735878461122,NA,NA
56.4,0.10932788686313323,NA,NA
56.43,0.10770652947240558,NA,NA
56.46,0.10623520813873023,NA,NA
56.49,0.10458965138396172,NA,NA
56.52,0.10314252941432711,NA,NA
56.55,0.10141953469462824,NA,NA
56.58,0.10028700445752294,NA,NA
56.61,0.09909639574671988,NA,NA
56.64,0.09760571492181194,NA,NA
56.67,0.09618763218902608,NA,NA
56.7,0.09461951339918794,NA,NA
56.73,0.09339502557872784,NA,NA
56.76,0.09224313585038996,NA,NA
56.79,0.0911493245957497,NA,NA
56.82,0.09007487283234204,NA,NA
56.85,0.08882618564784121,NA,NA
56.88,0.08778077312128245,NA,NA
56.91,0.08670632135787479,NA,NA
56.94,0.08547699366460655,NA,NA
56.97,0.0846106564319491,NA,NA
57,0.08340552810272145,NA,NA
57.03,0.08237947506739528,NA,NA
57.06,0.08142602012419116,NA,NA
57.09,0.08067583983892912,NA,NA
57.12,0.07981434247907968,NA,NA
57.15,0.07895284511923037,NA,NA
57.18,0.07793163195671221,NA,NA
57.21,0.07718145167145016,NA,NA
57.24,0.07664422578974633,NA,NA
57.27,0.07596664359660636,NA,NA
57.3,0.07540037847805364,NA,NA
57.33,0.07487283234196611,NA,NA
57.36,0.07425816849533205,NA,NA
57.39,0.07383709956102363,NA,NA
57.42,0.07310627876699403,NA,NA
57.45,0.07257389275809836,NA,NA
57.48,0.07223026178872029,10,0.821
57.51,0.07183339221845261,NA,NA
57.54,0.07157687895962106,NA,NA
57.57,0.07090897651209739,NA,NA
57.6,0.07042014935847489,NA,NA
57.63,0.06997488106012574,NA,NA
57.66,0.06958769123547434,NA,NA
57.69,0.06946669441527079,NA,NA
57.72,0.06914726280993347,NA,NA
57.75,0.0688084717133634,NA,NA
57.78,0.0684696806167935,NA,NA
57.81,0.0682180072307701,NA,NA
57.84,0.06808733066495025,NA,NA
57.87,0.0679469743535141,NA,NA
57.9,0.06770982058591501,NA,NA
57.93,0.06739522885338584,NA,NA
57.96,0.06710483648489726,NA,NA
57.99,0.06697899979188555,NA,NA
58.02,0.06692092131818779,NA,NA
58.05,0.06688704220853076,NA,NA
58.08,0.06685800297168201,NA,NA
58.11,0.06685800297168201,NA,NA
58.14,0.06694996055503667,NA,NA
58.17,0.06714839534017059,NA,NA
58.2,0.06762270287536849,NA,NA
58.23,0.06779209842365352,NA,NA
58.26,0.06791793511666522,NA,NA
58.29,0.06802441231844433,NA,NA
58.32,0.06819380786672935,NA,NA
58.35,0.06863907616507839,NA,NA
58.38,0.06891494891514252,NA,NA
58.41,0.069098864081852,NA,NA
58.44,0.06931181848541021,NA,NA
58.47,0.06960705072670693,NA,NA
58.5,0.07018299559087594,NA,NA
58.53,0.07067182274449829,NA,NA
58.56,0.07118000938935323,NA,NA
58.59,0.0717075555254409,NA,NA
58.62,0.0721286244597492,NA,NA
58.65,0.07282072627131361,NA,NA
58.68,0.07338215151705818,NA,NA
58.71,0.07404037421896556,NA,NA
58.74,0.07461631908313457,NA,NA
58.77,0.07516322471045468,NA,NA
58.8,0.07653774858796722,NA,NA
58.83,0.07755896175048525,NA,NA
58.83,0.07773319717157842,NA,NA
58.86,0.07876409007971276,NA,NA
58.89,0.07973690451414946,NA,NA
58.92,0.08039028734324868,NA,NA
58.95,0.08172609223829604,NA,NA
58.98,0.08285378260259332,NA,NA
59.01,0.0841411887695592,NA,NA
59.04,0.08540439557248447,NA,NA
59.07,0.08653208593678162,NA,NA
59.1,0.08830347938456183,NA,NA
59.13,0.09010875194199908,NA,NA
59.16,0.0916526713677965,NA,NA
59.19,0.09321111041201836,NA,NA
59.22,0.09502606271507191,NA,NA
59.25,0.09638122710135186,NA,NA
59.28,0.09853497050097532,NA,NA
59.31,0.10073711262868011,NA,NA
59.34,0.10225683269043694,NA,NA
59.37,0.1040330660110253,NA,NA
59.4,0.10620616890188135,NA,NA
59.43,0.1074693757048065,NA,NA
59.46,0.11053301519236086,NA,NA
59.49,0.11237700673226317,NA,NA
59.52,0.11515509372413697,NA,NA
59.55,0.1175121117817025,NA,NA
59.58,0.1189785932425697,NA,NA
59.61,0.12229874598895547,NA,NA
59.64,0.1244476495157708,NA,NA
59.67,0.12694502388477233,NA,NA
59.7,0.12868737809570366,NA,NA
59.73,0.1303668139601292,NA,NA
59.76,0.13323201866254966,NA,NA
59.79,0.13566163481223714,NA,NA
59.82,0.13742818838720922,NA,NA
59.85,0.1394028564929315,NA,NA
59.88,0.1414985214188572,NA,NA
59.91,0.14295532313410808,NA,NA
59.94,0.14544301775749344,NA,NA
59.97,0.1471466529859596,NA,NA
60,0.1488115692319607,NA,NA
60.03,0.15037968802179885,NA,NA
60.06,0.1515364176229449,NA,NA
60.09,0.1534820464918183,NA,NA
60.12,0.15492432858864474,NA,NA
60.15,0.1562601334836921,NA,NA
60.18,0.15767821621647796,NA,NA
60.21,0.1585929521772169,NA,NA
60.24,0.15977388114240365,NA,NA
60.27,0.16053374117328198,NA,NA
60.3,0.16121132336642197,NA,NA
60.33,0.16187922581394565,NA,NA
60.36,0.16233901373071924,NA,NA
60.39,0.16298271681420218,NA,NA
60.42,0.1632682693098826,NA,NA
60.45,0.16341346549412689,NA,NA
60.48,0.16349090345905712,NA,NA
60.51,0.16349090345905712,NA,NA
60.54,0.1633602268932373,NA,NA
60.57,0.1630456351607081,NA,NA
60.6,0.16275040291941137,NA,NA
60.63,0.16241645169564947,NA,NA
60.66,0.16218413780085866,NA,NA
60.69,0.1615839935726489,NA,NA
60.72,0.16102740819971262,NA,NA
60.75,0.16030142727849117,NA,NA
60.78,0.15922697551508352,NA,NA
60.81,0.15825416108064683,NA,NA
60.84,0.15725714728216952,NA,NA
60.87,0.1562407739924595,NA,NA
60.9,0.15523892032117406,NA,NA
60.93,0.1540386318647547,NA,NA
60.96,0.15298837946538765,NA,NA
60.99,0.15183648973704977,NA,NA
61.02,0.15123634550884002,NA,NA
61.05,0.14898096478024558,NA,NA
61.08,0.14755320230184357,NA,NA
61.11,0.14613995944186586,NA,NA
61.14,0.14467347798099867,NA,NA
61.17,0.1428633655507534,NA,NA
61.2,0.14186635175227597,NA,NA
61.23,0.13966420962457118,NA,NA
61.26,0.13826548638301792,NA,NA
61.29,0.13703615868974967,NA,NA
61.32,0.13529380447881834,NA,NA
61.35,0.1342725913163003,NA,NA
61.38,0.13204140995174649,NA,NA
61.41,0.13066688607423407,NA,NA
61.44,0.12921492423179118,NA,NA
61.47,0.1275064491305169,NA,NA
61.5,0.1262626018188242,NA,NA
61.53,0.12470900264741049,NA,NA
61.56,0.12307796551106641,NA,NA
61.59,0.12183411819937373,NA,NA
61.62,0.12030471839200074,NA,NA
61.65,0.1188866356592149,NA,NA
61.68,0.11779282440457464,NA,NA
61.71,0.11619082650507945,NA,NA
61.74,0.11476790389948559,NA,NA
61.77,0.11314170663594965,NA,NA
61.8,0.11185430046898377,NA,NA
61.83,0.11081856768804116,NA,NA
61.86,0.10935692609998211,NA,NA
61.89,0.10847606924890021,NA,NA
61.92,0.10723222193720754,NA,NA
61.95,0.10617228979222432,NA,NA
61.98,0.10564474365613678,NA,NA
62.01,0.1040330660110253,NA,NA
62.04,0.10273598009844313,NA,NA
62.07,0.10149697265955859,NA,NA
62.1,0.1006403151725173,NA,NA
62.13,0.0998030171767086,NA,NA
62.16,0.09870436604926033,NA,NA
62.19,0.09783802881660275,NA,NA
62.22,0.09718464598750352,NA,NA
62.25,0.09634250811888667,NA,NA
62.28,0.09592627905738639,NA,NA
62.31,0.09502122284226376,NA,NA
62.34,0.09415972548241433,NA,NA
62.37,0.09352570214454768,NA,NA
62.4,0.09280940096894254,NA,NA
62.43,0.09247060987237261,NA,NA
62.46,0.09181722704327339,NA,NA
62.49,0.09118804357821489,NA,NA
62.52,0.0906701771877435,NA,NA
62.55,0.09010875194199908,NA,NA
62.58,0.08978448046385347,NA,NA
62.61,0.0896102450427603,NA,NA
62.64,0.08904881979701573,NA,NA
62.67,0.08866646984517249,NA,NA
62.7,0.0884873945512713,NA,NA
62.73,0.0884051167135328,NA,NA
62.76,0.08839543696791649,NA,NA
62.79,0.0883712376038759,NA,NA
62.82,0.08835671798545146,NA,NA
62.85,0.08833251862141071,NA,NA
62.88,0.08831799900298627,NA,NA
62.91,0.08832767874860256,NA,NA
62.94,0.08833251862141071,NA,NA
62.97,0.08833251862141071,NA,NA
63,0.0883518781126433,NA,NA
63.03,0.0884873945512713,NA,NA
63.06,0.08861807111709115,NA,NA
63.09,0.0890875387794809,NA,NA
63.12,0.0894311697488591,NA,NA
63.15,0.08988611779282443,NA,NA
63.18,0.09032170634555729,NA,NA
63.21,0.09054434049473181,NA,NA
63.24,0.09123644230629623,11,0.822
63.27,0.09183658653450597,NA,NA
63.3,0.09242705101709929,NA,NA
63.33,0.09296911677161127,NA,NA
63.36,0.09330306799537316,NA,NA
63.39,0.09443075835967031,NA,NA
63.42,0.09511318042561843,NA,NA
63.45,0.09580528223718285,NA,NA
63.48,0.0966377403601834,NA,NA
63.51,0.0972669238252419,NA,NA
63.54,0.09875760465014982,NA,NA
63.57,0.09976429819424355,NA,NA
63.6,0.1009936258875118,NA,NA
63.63,0.10203419854126242,NA,NA
63.66,0.10228103205447767,NA,NA
63.69,0.10399918690136827,NA,NA
63.72,0.10522851459463652,NA,NA
63.75,0.10665143720023038,NA,NA
63.78,0.1080453205689755,NA,NA
63.81,0.10939080520963915,NA,NA
63.84,0.10997158994661631,NA,NA
63.87,0.11169458466631504,NA,NA
63.9,0.11342725913163008,NA,NA
63.93,0.11487922097407284,NA,NA
63.96,0.1164134606542541,NA,NA
63.99,0.11815581486518544,NA,NA
64.02,0.11907055082592435,NA,NA
64.05,0.12086614363774531,NA,NA
64.08,0.12241006306354274,NA,NA
64.11,0.12392010337968326,NA,NA
64.14,0.12573989555554482,NA,NA
64.17,0.12674658909963854,NA,NA
64.2,0.12909392741158765,NA,NA
64.23,0.13055072912683854,NA,NA
64.26,0.1316977789823684,NA,NA
64.29,0.13339173446521826,NA,NA
64.32,0.13433066978999794,NA,NA
64.35,0.13636341636941784,NA,NA
64.38,0.1375443453346046,NA,NA
64.41,0.13868171544451818,NA,NA
64.44,0.14017723614223426,NA,NA
64.47,0.14078222024325202,NA,NA
64.5,0.14284884593232897,NA,NA
64.53,0.14405397426155647,NA,NA
64.56,0.1448961121301733,NA,NA
64.59,0.1458060082181041,NA,NA
64.59,0.14595120440234838,NA,NA
64.62,0.14635775371823237,NA,NA
64.65,0.14747576433691323,NA,NA
64.68,0.14828886296868118,NA,NA
64.71,0.14894224579778056,NA,NA
64.74,0.14967790646461815,NA,NA
64.77,0.15027321082001976,NA,NA
64.8,0.15073783860960138,NA,NA
64.83,0.1512557050000726,NA,NA
64.86,0.15142026067554948,NA,NA
64.89,0.15167677393438103,NA,NA
64.92,0.15202040490375923,NA,NA
64.95,0.15235919600032916,NA,NA
64.98,0.1523349966362884,NA,NA
65.01,0.15206880363184058,NA,NA
65.04,0.15186552897389866,NA,NA
65.07,0.15175905177211954,NA,NA
65.1,0.15144446003959022,NA,NA
65.13,0.15119762652637497,NA,NA
65.16,0.150655560771863,NA,NA
65.19,0.14989570074098452,NA,NA
65.22,0.14921327867503653,NA,NA
65.25,0.1485066572450477,NA,NA
65.28,0.14822110474936726,NA,NA
65.31,0.1471998915868492,NA,NA
65.34,0.1460286423672786,NA,NA
65.37,0.14502678869599317,NA,NA
65.4,0.14380230087553308,NA,NA
65.43,0.14278592758582306,NA,NA
65.46,0.14235033903309033,NA,NA
65.49,0.1407241417695544,NA,NA
65.52,0.13959645140525712,NA,NA
65.55,0.13835744396637256,NA,NA
65.58,0.13729751182138936,NA,NA
65.61,0.13646021382558066,NA,NA
65.64,0.13506633045683566,NA,NA
65.67,0.13411287551363157,NA,NA
65.7,0.1326076750702992,NA,NA
65.73,0.13125251068401925,NA,NA
65.76,0.13041521268821055,NA,NA
65.79,0.12859542051234898,NA,NA
65.82,0.12747257002085985,NA,NA
65.85,0.12622388283635916,NA,NA
65.88,0.12532366649404453,NA,NA
65.91,0.12463156468248027,NA,NA
65.94,0.12306828576545012,NA,NA
65.97,0.1220083536204669,NA,NA
66,0.12077418605439051,NA,NA
66.03,0.11980621149276197,NA,NA
66.06,0.11903183184345918,NA,NA
66.09,0.11857204392668572,NA,NA
66.12,0.11755083076416754,NA,NA
66.15,0.11644249989110299,NA,NA
66.18,0.11549872469351517,NA,NA
66.21,0.11466142669770647,NA,NA
66.24,0.11380960908347333,NA,NA
66.27,0.11334982116669985,NA,NA
66.3,0.11230440864014095,NA,NA
66.33,0.11163650619261728,NA,NA
66.36,0.11102668221879138,NA,NA
66.39,0.11047009684585495,NA,NA
66.42,0.11022810320544785,NA,NA
66.45,0.10965699821408699,NA,NA
66.48,0.10934240648155767,NA,NA
66.51,0.10903749449464478,NA,NA
66.54,0.10859706606910377,NA,NA
66.57,0.10835507242869667,NA,NA
66.6,0.10784688578384173,NA,NA
66.63,0.10766297061713226,NA,NA
66.66,0.10770652947240558,NA,NA
66.69,0.10800176171370217,NA,NA
66.72,0.10812275853390572,NA,NA
66.75,0.10847606924890021,NA,NA
66.78,0.10859706606910377,NA,NA
66.81,0.10868418377965029,NA,NA
66.84,0.10899877551217961,NA,NA
66.87,0.10915849131484834,NA,NA
66.9,0.1097731551614824,NA,NA
66.93,0.11028134180633734,NA,NA
66.96,0.11077016895995982,NA,NA
66.99,0.11153970873645447,NA,NA
67.02,0.11199949665322806,NA,NA
67.05,0.1130110300701298,NA,NA
67.08,0.11359665467991512,NA,NA
67.11,0.11438555394764234,NA,NA
67.14,0.11543580634700926,NA,NA
67.17,0.11642798027267855,NA,NA
67.2,0.11730883712376043,NA,NA
67.23,0.11863012240038334,NA,NA
67.26,0.1196610153085178,NA,NA
67.29,0.12071126770788473,NA,NA
67.32,0.12176152010725165,NA,NA
67.35,0.12267625606799058,NA,NA
67.38,0.12404110019988682,NA,NA
67.41,0.12510103234487002,NA,NA
67.44,0.12633036003813827,NA,NA
67.47,0.12739029218312148,NA,NA
67.5,0.1280630345034533,NA,NA
67.53,0.12941819888973324,NA,NA
67.56,0.13050717027156536,NA,NA
67.59,0.1317268182192173,NA,NA
67.62,0.1327867503642005,NA,NA
67.65,0.13400639831185246,NA,NA
67.68,0.13447586597424221,NA,NA
67.71,0.13581651074209772,NA,NA
67.74,0.13710875678187187,NA,NA
67.77,0.13817352879966324,NA,NA
67.8,0.1394415754753965,NA,NA
67.83,0.14013367728696094,NA,NA
67.86,0.14148400180043272,NA,NA
67.89,0.14261653203753816,NA,NA
67.92,0.14364742494567248,NA,NA
67.95,0.14488159251174887,NA,NA
67.98,0.14554949495927255,NA,NA
68.01,0.1468030220165814,NA,NA
68.04,0.14768387886766343,NA,NA
68.07,0.14841469966169288,NA,NA
68.1,0.1491987590566121,NA,NA
68.13,0.14962466786372852,NA,NA
68.16,0.1504377664954965,NA,NA
68.19,0.15112502843425277,NA,NA
68.22,0.15168161380718917,NA,NA
68.25,0.15231079727224767,NA,NA
68.28,0.15273670607936424,NA,NA
68.31,0.15315777501367267,NA,NA
68.34,0.15367080153133578,NA,NA
68.37,0.15386439644366154,NA,NA
68.4,0.15397087364544065,NA,NA
68.43,0.1540095926279058,NA,NA
68.46,0.15401927237352211,NA,NA
68.49,0.1540628312287953,NA,NA
68.52,0.15408703059283604,NA,NA
68.55,0.15408703059283604,NA,NA
68.58,0.15407735084721974,NA,NA
68.61,0.1540725109744116,NA,NA
68.64,0.1540386318647547,NA,NA
68.67,0.1538305173340045,NA,NA
68.7,0.15352560534709148,NA,NA
68.73,0.15319649399613786,NA,NA
68.76,0.15305129781189356,NA,NA
68.79,0.15250439218457346,NA,NA
68.82,0.15206880363184058,NA,NA
68.85,0.15145413978520653,NA,NA
68.88,0.15095563288596786,NA,NA
68.91,0.15072331899117694,NA,NA
68.94,0.1499344197234497,NA,NA
68.97,0.1493342754952401,12,0.817
69,0.14852117686347213,NA,NA
69.03,0.14786295416156475,NA,NA
69.06,0.1471998915868492,NA,NA
69.09,0.14671590430603487,NA,NA
69.12,0.14578180885406336,NA,NA
69.15,0.14501226907756873,NA,NA
69.18,0.14427660841073098,NA,NA
69.21,0.14351674837985265,NA,NA
69.24,0.14295048326129992,NA,NA
69.27,0.14213254475672382,NA,NA
69.3,0.1415614397653631,NA,NA
69.33,0.14097581515557778,NA,NA
69.36,0.1402546741071645,NA,NA
69.39,0.13964969000614674,NA,NA
69.42,0.13883175150157062,NA,NA
69.45,0.13814448956281436,NA,NA
69.48,0.13772826050131406,NA,NA
69.51,0.13744270800563366,NA,NA
69.54,0.13708455741783113,NA,NA
69.57,0.1365860505185925,NA,NA
69.6,0.1363488967509934,NA,NA
69.63,0.13621822018517354,NA,NA
69.66,0.13614562209305148,NA,NA
69.69,0.13614078222024334,NA,NA
69.72,0.13614078222024334,NA,NA
69.75,0.13614562209305148,NA,NA
69.78,0.1361262626018189,NA,NA
69.81,0.13609238349216185,NA,NA
69.84,0.13610206323777815,NA,NA
69.87,0.1361262626018189,NA,NA
69.9,0.13623757967640615,NA,NA
69.93,0.13646989357119696,NA,NA
69.96,0.1367457663212611,NA,NA
69.99,0.13702163907132522,NA,NA
70.02,0.13746690736967437,NA,NA
70.05,0.13794605477768043,NA,NA
70.08,0.13845908129534368,NA,NA
70.11,0.1390205065410881,NA,NA
70.14,0.139625490642106,NA,NA
70.17,0.14048214812914728,NA,NA
70.2,0.1413146062521477,NA,NA
70.23,0.14205994666460173,NA,NA
70.26,0.14270364974808467,NA,NA
70.29,0.1431876370288989,NA,NA
70.32,0.1441314122264867,NA,NA
70.32,0.1443298470116206,NA,NA
70.35,0.14532202093728988,NA,NA
70.38,0.146280315753302,NA,NA
70.41,0.14724829031493056,NA,NA
70.44,0.14812914716601258,NA,NA
70.47,0.14932943562243195,NA,NA
70.5,0.15005541654365326,NA,NA
70.53,0.15083947593857233,NA,NA
70.56,0.15171549291684622,NA,NA
70.59,0.15252859154861417,NA,NA
70.62,0.1538111578427719,NA,NA
70.65,0.15492432858864474,NA,NA
70.68,0.15568902849233124,NA,NA
70.71,0.1562794929749247,NA,NA
70.74,0.15716518969881474,NA,NA
70.77,0.15786213138318728,NA,NA
70.8,0.15863651103249007,NA,NA
70.83,0.1593915311905604,NA,NA
70.86,0.16012719185739802,NA,NA
70.89,0.16057246015574717,NA,NA
70.92,0.1612548822216953,NA,NA
70.95,0.1619905428885329,NA,NA
70.98,0.1625664877527019,NA,NA
71.01,0.1630262756694755,NA,NA
71.04,0.16324890981865,NA,NA
71.07,0.16376677620912125,NA,NA
71.1,0.16426528310835992,NA,NA
71.13,0.1645121166215753,NA,NA
71.16,0.16481702860848818,NA,NA
71.19,0.16515581970505824,NA,NA
71.22,0.1656156076218317,NA,NA
71.25,0.16583824177100634,NA,NA
71.28,0.1659205196087447,NA,NA
71.31,0.16594471897278545,NA,NA
71.34,0.16594471897278545,NA,NA
71.37,0.16594471897278545,NA,NA
71.4,0.16595439871840176,NA,NA
71.43,0.16595439871840176,NA,NA
71.46,0.16594471897278545,NA,NA
71.49,0.16595439871840176,NA,NA
71.52,0.1659592385912099,NA,NA
71.55,0.16579952278854118,NA,NA
71.58,0.16548493105601186,NA,NA
71.61,0.16518485894190713,NA,NA
71.64,0.16500094377519764,NA,NA
71.67,0.16484122797252893,NA,NA
71.7,0.16478798937163944,NA,NA
71.73,0.1647347507707498,NA,NA
71.76,0.16452663623999975,NA,NA
71.79,0.16430884196363324,NA,NA
71.82,0.16392649201179,NA,NA
71.85,0.16373289709946423,NA,NA
71.88,0.1636651388801503,NA,NA
71.91,0.16364093951610956,NA,NA
71.94,0.16364093951610956,NA,NA
71.97,0.16362641989768512,NA,NA
72,0.16363609964330142,NA,NA
72.03,0.16362641989768512,NA,NA
72.06,0.16364093951610956,NA,NA
72.09,0.16364093951610956,NA,NA
72.12,0.16365061926172586,NA,NA
72.15,0.16366029900734214,NA,NA
72.18,0.16364093951610956,NA,NA
72.21,0.16367481862576658,NA,NA
72.24,0.16369417811699918,NA,NA
72.27,0.16384905404685976,NA,NA
72.3,0.16421688438027857,NA,NA
72.33,0.16451695649438344,NA,NA
72.36,0.16466215267862772,NA,NA
72.39,0.16479282924444758,NA,NA
72.42,0.16516065957786638,NA,NA
72.45,0.16558656838498295,NA,NA
72.48,0.16584792151662264,NA,NA
72.51,0.16619639235880884,NA,NA
72.54,0.16640450688955907,NA,NA
72.57,0.16704337010023385,NA,NA
72.6,0.1676483542012516,NA,NA
72.63,0.16798714529782166,NA,NA
72.66,0.16840337435932193,NA,NA
72.69,0.16857760978041497,NA,NA
72.72,0.16916807426300842,NA,NA
72.75,0.16979725772806692,NA,NA
72.78,0.17022800640799166,NA,NA
72.81,0.17060551648702674,NA,NA
72.84,0.1709975461844863,NA,NA
72.87,0.17126373918893412,NA,NA
72.9,0.17186388341714387,NA,NA
72.93,0.17244466815412102,NA,NA
72.96,0.17280765861473169,NA,NA
72.99,0.17310773072883656,NA,NA
73.02,0.17355783889999374,NA,NA
73.05,0.17376595343074394,NA,NA
73.08,0.17415314325539533,NA,NA
73.11,0.17426446032998258,NA,NA
73.14,0.174380617277378,NA,NA
73.17,0.1746661697730584,NA,NA
73.2,0.174821045702919,NA,NA
73.23,0.17525663425565186,NA,NA
73.26,0.17541635005832046,NA,NA
73.29,0.1754792684048264,NA,NA
73.32,0.17550830764167527,NA,NA
73.35,0.17550830764167527,NA,NA
73.38,0.1755228272600997,NA,NA
73.41,0.1755567063697566,NA,NA
73.44,0.17546958865921009,NA,NA
73.47,0.17511143807140758,NA,NA
73.5,0.17497108175997145,NA,NA
73.53,0.1745887318081282,NA,NA
73.56,0.17447257486073264,NA,NA
73.59,0.17440481664141871,NA,NA
73.62,0.17437577740456983,NA,NA
73.65,0.17424510083875,NA,NA
73.68,0.17376595343074394,NA,NA
73.71,0.1734900806806798,NA,NA
73.74,0.17333036487801107,NA,NA
73.77,0.17327712627712144,NA,NA
73.8,0.17325292691308083,NA,NA
73.83,0.17321420793061565,NA,NA
73.86,0.1731996883121912,NA,NA
73.89,0.17319000856657493,NA,NA
73.92,0.17318516869376677,NA,NA
73.95,0.1731754889481505,NA,NA
73.98,0.1731996883121912,NA,NA
74.01,0.1731996883121912,NA,NA
74.04,0.1731754889481505,NA,NA
74.07,0.17319000856657493,NA,NA
74.1,0.1732384072946564,NA,NA
74.13,0.17362075724649964,NA,NA
74.16,0.17394502872464512,NA,NA
74.19,0.17412894389135458,NA,NA
74.22,0.1742257413475174,NA,NA
74.25,0.17426446032998258,NA,NA
74.28,0.17437577740456983,NA,NA
74.31,0.17457421218970376,NA,NA
74.34,0.1749275229046981,NA,NA
74.37,0.17522759501880297,NA,NA
74.4,0.1752953532381169,NA,NA
74.43,0.17546474878640195,NA,NA
74.46,0.1755034677688671,NA,NA
74.49,0.17561478484345439,NA,NA
74.52,0.17596325568564058,NA,NA
74.55,0.1761520107251582,NA,NA
74.58,0.1765004815673444,NA,NA
74.61,0.17657791953227478,NA,NA
74.64,0.17666019737001315,NA,NA
74.67,0.17668923660686203,NA,NA
74.7,0.1766843967340539,NA,NA
74.73,0.17646660245768753,NA,NA
74.76,0.17612297148830933,13,0.824
74.79,0.17585677848386147,NA,NA
74.82,0.17571642217242534,NA,NA
74.85,0.17567286331715215,NA,NA
74.88,0.1754792684048264,NA,NA
74.91,0.17515499692668077,NA,NA
74.94,0.1748113659573027,NA,NA
74.97,0.17456453244408746,NA,NA
75,0.17448709447915708,NA,NA
75.03,0.17419670211066865,NA,NA
75.06,0.17379983254040096,NA,NA
75.09,0.17347556106225537,NA,NA
75.12,0.17329648576835405,NA,NA
75.15,0.17309805098322026,NA,NA
75.18,0.17284637759719687,NA,NA
75.21,0.17243014853569658,NA,NA
75.24,0.1721881548952895,NA,NA
75.27,0.1720235992198126,NA,NA
75.3,0.1717090074872833,NA,NA
75.33,0.17139441575475398,NA,NA
75.36,0.17105078478537591,NA,NA
75.39,0.17091042847393975,NA,NA
75.42,0.17085718987305015,NA,NA
75.45,0.1708184708905851,NA,NA
75.48,0.17064907534230006,NA,NA
75.51,0.17025704564484054,NA,NA
75.54,0.1699521336579275,NA,NA
75.57,0.16976821849121818,NA,NA
75.6,0.16968594065347967,NA,NA
75.63,0.1696375419253982,NA,NA
75.66,0.16962786217978204,NA,NA
75.69,0.16959882294293316,NA,NA
75.72,0.16932295019286903,NA,NA
75.75,0.16895995973225836,NA,NA
75.78,0.16864536799972904,NA,NA
75.81,0.16856309016199053,NA,NA
75.84,0.1684324135961707,NA,NA
75.87,0.16840337435932193,NA,NA
75.9,0.16840337435932193,NA,NA
75.93,0.16829205728473468,NA,NA
75.96,0.16810330224521708,NA,NA
75.99,0.16768223331090865,NA,NA
76.02,0.1674257200520771,NA,NA
76.05,0.16725632450379208,NA,NA
76.08,0.1669562523896872,NA,NA
76.1,0.16688849417037327,NA,NA
76.11,0.16681105620544304,NA,NA
76.14,0.16638514739832647,NA,NA
76.17,0.1660850752842216,NA,NA
76.2,0.1658237221525819,NA,NA
76.23,0.1654994506744363,NA,NA
76.26,0.16531069563491882,NA,NA
76.29,0.16493802542869174,NA,NA
76.32,0.16448791725753456,NA,NA
76.35,0.16411040717849945,NA,NA
76.38,0.16378613570035386,NA,NA
76.41,0.16356350155117932,NA,NA
76.44,0.1631521123624872,NA,NA
76.47,0.1627842820290684,NA,NA
76.5,0.16261488648078337,NA,NA
76.53,0.16248420991496354,NA,NA
76.56,0.16235837322195182,NA,NA
76.59,0.16197118339730043,NA,NA
76.62,0.16164691191915484,NA,NA
76.65,0.16145331700682905,NA,NA
76.68,0.16133232018662552,NA,NA
76.71,0.16129360120416047,NA,NA
76.74,0.16125004234888715,NA,NA
76.77,0.16130812082258492,NA,NA
76.8,0.16154043471737572,NA,NA
76.83,0.1618840656867538,NA,NA
76.86,0.16206798085346324,NA,NA
76.89,0.16245517067811463,NA,NA
76.92,0.1629197984676964,NA,NA
76.95,0.1632585895642663,NA,NA
76.98,0.16360222053364437,NA,NA
77.01,0.1637812958275457,NA,NA
77.04,0.16425560336274375,NA,NA
77.07,0.16489446657341852,NA,NA
77.1,0.1654026532182735,NA,NA
77.13,0.16601247719209938,NA,NA
77.16,0.1662738303237392,NA,NA
77.19,0.16699013149934422,NA,NA
77.22,0.16756607636351323,NA,NA
77.25,0.16809362249960078,NA,NA
77.28,0.16872280596465927,NA,NA
77.31,0.16905191731561303,NA,NA
77.34,0.169729499508753,NA,NA
77.37,0.17038772221066037,NA,NA
77.4,0.1709346278379805,NA,NA
77.43,0.17152025244776567,NA,NA
77.46,0.171733206851324,NA,NA
77.49,0.1723720700619988,NA,NA
77.52,0.17282217823315613,NA,NA
77.55,0.17320452818499937,NA,NA
77.58,0.17371271482985431,NA,NA
77.61,0.1738288717772497,NA,NA
77.64,0.1744435356238839,NA,NA
77.67,0.17502432036086094,NA,NA
77.7,0.17535827158462283,NA,NA
77.73,0.17583257911982075,NA,NA
77.76,0.1760455335233791,NA,NA
77.79,0.1767085960980946,NA,NA
77.82,0.17722162261575772,NA,NA
77.85,0.17763785167725799,NA,NA
77.88,0.1780056820106768,NA,NA
77.91,0.17848966929149113,NA,NA
77.94,0.17855742751080506,NA,NA
77.97,0.17889621860737512,NA,NA
78,0.17908013377408444,NA,NA
78.03,0.17900269580915423,NA,NA
78.06,0.17865422496696787,NA,NA
78.09,0.17839771170813634,NA,NA
78.12,0.17778788773431042,NA,NA
78.15,0.17721194287014141,NA,NA
78.18,0.1764230436024142,NA,NA
78.21,0.17515015705387263,NA,NA
78.24,0.17427897994840702,NA,NA
78.27,0.17245434789973732,NA,NA
78.3,0.1705909968686023,NA,NA
78.33,0.16887768189451985,NA,NA
78.36,0.16699497137215238,NA,NA
78.39,0.16569304558676207,NA,NA
78.42,0.16307467439755685,NA,NA
78.45,0.16055794053732272,NA,NA
78.48,0.1585445534491354,14,0.531
78.51,0.15644404865040157,NA,NA
78.54,0.15532119815891243,NA,NA
78.57,0.15354012496551592,NA,NA
78.6,0.15147833914924727,NA,NA
78.63,0.1499247399778334,NA,NA
78.66,0.14849213762662325,NA,NA
78.69,0.14806622881950668,NA,NA
78.72,0.14697241756486643,NA,NA
78.75,0.14634807397261607,NA,NA
78.78,0.14608672084097638,NA,NA
78.81,0.14592700503830766,NA,NA
78.84,0.14587376643741803,NA,NA
78.87,0.1458060082181041,NA,NA
78.9,0.145835047454953,NA,NA
78.93,0.14607220122255193,NA,NA
78.96,0.14640131257350555,NA,NA
78.99,0.1465271492665174,NA,NA
79.02,0.14696273781925012,NA,NA
79.05,0.14744672510006446,NA,NA
79.08,0.14787747377998905,NA,NA
79.11,0.1484969774994314,NA,NA
79.14,0.14868089266614085,NA,NA
79.17,0.1490874419820247,NA,NA
79.2,0.14960530837249608,NA,NA
79.23,0.15000217794276377,NA,NA
79.26,0.15059264242535708,NA,NA
79.29,0.15089271453946196,NA,NA
79.32,0.1513476625834274,NA,NA
79.35,0.15157029673260192,NA,NA
79.38,0.15182197011862533,NA,NA
79.41,0.15225271879855004,NA,NA
79.44,0.15244147383806766,NA,NA
79.47,0.15271250671532352,NA,NA
79.5,0.15297385984696335,NA,NA
79.53,0.15332717056195772,NA,NA
79.56,0.15363208254887073,NA,NA
79.59,0.15376275911469056,NA,NA
79.62,0.15397087364544065,NA,NA
79.65,0.15412574957530123,NA,NA
79.68,0.15431450461481883,NA,NA
79.71,0.15473073367631898,NA,NA
79.74,0.15496788744391807,NA,NA
79.77,0.15500176655357498,NA,NA
79.8,0.15518568172028444,NA,NA
79.83,0.15525827981240664,NA,NA
